SELLER,REBOUND TYPE,COSTUMER ID,ORDER NUMBER,DATE ATTENDED,DATE DELIVERED,PRODUCT,UNIT AMOUNT,QUANTITY,Amount per Item/Total Amount,REASON,Charged (Fortnight/Month/Year Number)
ABEL D,TOTAL,1796,30_1672675498060,3/1/2023,6/1/2023,Halconero Vinagre De Alcohol X 930 Cc,99,15,1485,WITHOUT MONEY,1Q/1/23
ABEL D,TOTAL,364,30_1672668194138,4/1/2023,7/1/2023,TOSTI TOSTADITAS FINITAS CLASICA DISPLAYX 140 G,215,10,2150,WITHOUT MONEY,1Q/1/23
ABEL D,TOTAL,364,30_1672668194138,4/1/2023,7/1/2023,Arbanit Cubanitos Avellanas Displayx 12 Unidades,1120,1,1120,WITHOUT MONEY,1Q/1/23
ABEL D,TOTAL,364,30_1672668194138,4/1/2023,7/1/2023,Seven Up Packx6 Latax 354 Cc,720,4,2880,WITHOUT MONEY,1Q/1/23
ABEL D,TOTAL,364,30_1672668194138,4/1/2023,7/1/2023,Trym's Batatas Clasicas Sin Tacc X 65 G,165,5,825,WITHOUT MONEY,1Q/1/23
ABEL D,TOTAL,364,30_1672668194138,4/1/2023,7/1/2023,TOSTI TOSTADITAS FINITAS CLASICA DISPLAYX 140 G,215,10,2150,WITHOUT MONEY,1Q/1/23
ABEL D,TOTAL,1929,30_1673442419741,12/1/2023,15/1/2023,Trym's Papas Fritas Acanaladas Kettle Barbacoa Tex Sin Tacc X 60 G,165,12,1980,Repeated order shipment,1Q/1/23
ABEL D,TOTAL,1929,30_1673442419741,12/1/2023,15/1/2023,Trym's Papas Fritas Clasicas Sin Tacc X 60 G,165,12,1980,Repeated order shipment,1Q/1/23
ABEL D,TOTAL,1929,30_1673442419741,12/1/2023,15/1/2023,Valena Promo Trapo De Piso Gris X 20 U,1645,20,32900,Repeated order shipment,1Q/1/23
ABEL D,TOTAL,1929,30_1673442419741,12/1/2023,15/1/2023,Vino Malbec Novecento Raices X 750ml,585,2,1170,Repeated order shipment,1Q/1/23
ABEL D,TOTAL,1929,30_1673442419741,12/1/2023,15/1/2023,La Española Avena Arrollada X 400 G,160,20,3200,Repeated order shipment,1Q/1/23
ABEL D,TOTAL,1632,30_1672409116585,31/12/2022,2/1/2023,Doña Pupa Pure De Tomate X 520 G,1000,3,3000,CLOSED,1Q/1/23
ABEL D,TOTAL,1632,30_1672409116585,31/12/2022,2/1/2023,Arbanit Cubanitos Avellanas Displayx 12 Unidades,1120,10,11200,CLOSED,1Q/1/23
ABEL D,TOTAL,1632,30_1672409116585,31/12/2022,2/1/2023,Arbanit Cubanitos Dulce De Leche Displayx 12 Unidades,1120,10,11200,CLOSED,1Q/1/23
ABEL D,TOTAL,1632,30_1672414758903,31/12/2022,2/1/2023,Arbanit Cubanitos Mani Displayx 12 Unidades,1120,10,11200,CLOSED,1Q/1/23
ABEL D,TOTAL,1632,30_1672414758903,31/12/2022,2/1/2023,Suiza Cera Bril Incoloro X 900 Cc,470,15,7050,CLOSED,1Q/1/23
ABEL D,TOTAL,1632,30_1672414758903,31/12/2022,2/1/2023,Suiza Limpiador Original X 900 Ml,"127,3",10,1273,CLOSED,1Q/1/23
ABEL D,TOTAL,1632,30_1672414758903,31/12/2022,2/1/2023,Suiza Limpiador Pinos Patagonicos X 900 Ml,"127,3",12,"1527,6",CLOSED,1Q/1/23
ABEL D,TOTAL,1074,30_1673025454885,6/1/2023,8/1/2023,La Española Polenta Instantanea X 500 G,65,20,1300,NO REQUEST,1Q/1/23
ABEL D,TOTAL,1074,30_1673025454885,6/1/2023,8/1/2023,La Española Arroz L F X 500 G,83,20,1660,NO REQUEST,1Q/1/23
ABEL D,TOTAL,1074,30_1673025454885,6/1/2023,8/1/2023,La Española Poroto Alubia X 500 G,182,10,1820,NO REQUEST,1Q/1/23
ABEL D,TOTAL,1074,30_1673025454885,6/1/2023,8/1/2023,Dec Mix Frutos Secos Salado X 250 G,250,8,2000,NO REQUEST,1Q/1/23
ABEL D,TOTAL,1074,30_1673025454885,6/1/2023,8/1/2023,Mini Pamela Galletas Coco X 180 G,136,5,680,NO REQUEST,1Q/1/23
ABEL D,TOTAL,1074,30_1673025454885,6/1/2023,8/1/2023,TOSTI TOSTADITAS FINITAS CLASICA DISPLAYX 140 G,215,3,645,NO REQUEST,1Q/1/23
ABEL D,TOTAL,1074,30_1673025454885,6/1/2023,8/1/2023,Halconero Vinagre De Alcohol X 930 Cc,99,7,693,NO REQUEST,1Q/1/23
ABEL D,TOTAL,1074,30_1673025454885,6/1/2023,8/1/2023,Lulemuu Barra De Arroz Bañada Con Yogurt De Frutilla X 20 U,1300,2,2600,NO REQUEST,1Q/1/23
ABEL D,PARTIAL,1393,30_1672745611045,4/1/2023,5/1/2023,TOSTI TOSTADITAS FINITAS CLASICA DISPLAYX 140 G,215,16,3440,OUT OF STOCK,1Q/1/23
ABEL D,PARTIAL,2100,30_1672839639582,4/1/2023,5/1/2023,Valena Rejilla Pabilo X 6 U,422,1,422,CLOSED,1Q/1/23
ABEL D,PARTIAL,1416,30_1672758545432,4/1/2023,5/1/2023,SUIZA AUTOBRILLO INCOLORO DOYPACK X400CC,295,8,2360,CLOSED,1Q/1/23
ABEL D,PARTIAL,1416,30_1672758545432,4/1/2023,5/1/2023,SUIZA AUTOBRILLO ROJO DOYPACK X400CC,295,8,2360,OUT OF STOCK,1Q/1/23
ABEL D,PARTIAL,1416,30_1672758545432,4/1/2023,5/1/2023,LA ESPAÑOLA AVENA INSTANTANEA X 300G,114,10,1140,OUT OF STOCK,1Q/1/23
ABEL D,PARTIAL,2050,30_1672839166772,5/1/2023,6/1/2023,Seven Up Packx6 Latax 354 Cc,720,4,2880,Incorrectly assembled order,1Q/1/23
ABEL D,PARTIAL,1632,30_1672498912291,2/1/2023,3/1/2023,Don Fito Bulto 10 Arroz Paqx 500 G,"537,6",1,"537,6",OUT OF STOCK,1Q/1/23
ABEL D,PARTIAL,1632,30_1672498912291,2/1/2023,3/1/2023,La Española Lentejas X 400 G,272,10,2720,Incorrectly assembled order,1Q/1/23
ABEL D,PARTIAL,1632,30_1672498912291,2/1/2023,3/1/2023,Doña Pupa Arveja Tetrax 340 G,74,24,1776,Incorrectly assembled order,1Q/1/23
ABEL D,PARTIAL,1940,30_1672321655443,30/12/2022,31/12/2022,Que Lo Paleo Barra Proteica Castañas X 12 U,1990,1,1990,Incorrectly assembled order,1Q/1/23
ABEL D,PARTIAL,1512,30_1672936766487,6/1/2023,7/1/2023,La Española Garbanzo X 400 G,131,10,1310,Incorrectly assembled order,1Q/1/23
ABEL D,PARTIAL,1511,30_1672933186451,6/1/2023,7/1/2023,Halconero Vinagre De Alcohol X 930 Cc,99,12,1188,NO REQUEST,1Q/1/23
ABEL D,PARTIAL,59,30_1673110111572,9/1/2023,11/1/2023,Lulemuu Barra De Arroz Bañada Con Yogurt De Frutilla X 20 U,1300,1,1300,WITHOUT MONEY,1Q/1/23
ABEL D,PARTIAL,2076,30_1673103107275,9/1/2023,13/1/2023,Seven Up Packx6 Latax 354 Cc,720,1,720,It is not the agreed-upon price,1Q/1/23
ABEL D,PARTIAL,1942,30_1673364725460,11/1/2023,14/1/2023,Soda Marinaro Sifon Desc. X 2litros X 4u,585,2,1170,WITHOUT MONEY,1Q/1/23
ABEL D,PARTIAL,2117,30_1673282671889,11/1/2023,14/1/2023,Doña Pupa Arveja Tetrax 340 G,83,24,1992,WITHOUT MONEY,1Q/1/23
ABEL D,PARTIAL,1597,30_1673280208238,11/1/2023,14/1/2023,Doña Pupa Choclo Cremoso Amarillo X 340 G,105,12,1260,WITHOUT MONEY,1Q/1/23
ABEL D,PARTIAL,2098,30_1673297260663,11/1/2023,14/1/2023,LA ESPAÑOLA BURGOL X 500 G,127,10,1270,WITHOUT MONEY,1Q/1/23
ABEL D,PARTIAL,1399,30_1673402122275,11/1/2023,14/1/2023,Seven Up Packx6 Latax 354 Cc,720,4,2880,WITHOUT MONEY,1Q/1/23
ABEL D,TOTAL,1947,30_1672848109553,5/1/2023,8/1/2023,Lulemuu Barra De Arroz Bañada Con Yogurt De Frutilla X 20 U,1300,10,13000,WITHOUT MONEY,1Q/1/23
ABEL D,TOTAL,1502,30_1673540238543,13/1/2023,16/1/2023,Trym's Nachos Cheddar Sin Tacc X 75 G,165,20,3300,CLOSED,1Q/1/23
ABEL D,TOTAL,1502,30_1673540238543,13/1/2023,16/1/2023,Tosti Talitas Pizza X 100 G,137,5,685,CLOSED,1Q/1/23
ABEL D,TOTAL,1502,30_1673540238543,13/1/2023,16/1/2023,Que Lo Paleo Barra Proteica Choco Negro X 12 U,1400,1,1400,CLOSED,1Q/1/23
ABEL D,TOTAL,1502,30_1673540238543,13/1/2023,16/1/2023,Trym's Batatas Clasicas Sin Tacc X 65 G,165,10,1650,CLOSED,1Q/1/23
ABEL D,TOTAL,1502,30_1673540238543,13/1/2023,16/1/2023,LA ESPAÑOLA BURGOL  X 500G,127,20,2540,CLOSED,1Q/1/23
ABEL D,TOTAL,1502,30_1673540238543,13/1/2023,16/1/2023,Mini Pamela Galletas Chips Choco X 180 G,132,5,660,CLOSED,1Q/1/23
ABEL D,TOTAL,1502,30_1673540238543,13/1/2023,16/1/2023,Suiza Limpiador Original X 900 Ml,"127,3",2,"254,6",CLOSED,1Q/1/23
ABEL D,TOTAL,1502,30_1673540238543,13/1/2023,16/1/2023,Suiza Limpiador Pinos Patagonicos X 900 Ml,"127,3",2,"254,6",CLOSED,1Q/1/23
ABEL D,PARTIAL,2150,30_1673455798287,12/1/2023,15/1/2023,Trym's Nachos Cheddar Sin Tacc X 75 G,165,15,2475,CLOSED,1Q/1/23
ABEL D,PARTIAL,2185,30_1673292366983,11/1/2023,14/1/2023,LA ESPAÑOLA BURGOL  X 500G,127,5,635,CLOSED,1Q/1/23
ABEL D,PARTIAL,933,30_1673539925990,13/1/2023,16/1/2023,Que Lo Paleo Barra Proteica Castañas X 12 U,1990,1,1990,WITHOUT MONEY,1Q/1/23
ABEL D,PARTIAL,2082,30_1673447019171,12/1/2023,15/1/2023,LA ESPAÑOLA BURGOL  X 500G,127,2,254,NO REQUEST,1Q/1/23
ABEL D,PARTIAL,1968,30_1673452036179,12/1/2023,15/1/2023,Que Lo Paleo Barra Proteica Choco Blanco X 12 U,1400,1,1400,NO REQUEST,1Q/1/23
ABEL D,TOTAL,1632,30_1673626240779,14/1/2023,17/1/2023,Suiza Limpiador Lavanda De Los Alpes X 900 Ml,"127,3",5,"636,5",WITHOUT MONEY,2Q/1/23
ABEL D,TOTAL,1632,30_1673626240779,14/1/2023,17/1/2023,Suiza Limpiador Original X 900 Ml,"127,3",5,"636,5",WITHOUT MONEY,2Q/1/23
ABEL D,TOTAL,1632,30_1673626240779,14/1/2023,17/1/2023,Arbanit Cubanitos Avellanas Displayx 12 Unidades,1120,2,2240,WITHOUT MONEY,2Q/1/23
ABEL D,TOTAL,1632,30_1673626240779,14/1/2023,17/1/2023,Arbanit Cubanitos Dulce De Leche Displayx 12 Unidades,1120,2,2240,WITHOUT MONEY,2Q/1/23
ABEL D,TOTAL,1632,30_1673626240779,14/1/2023,17/1/2023,Mini Pamela Galletas Chips Choco X 180 G,132,15,1980,WITHOUT MONEY,2Q/1/23
ABEL D,TOTAL,1916,30_1673889061227,17/1/2023,20/1/2023,QUILMES CERVEZA CLASICA LATA 473 ML PACK X6,1158,3,3474,WITHOUT MONEY,2Q/1/23
ABEL D,TOTAL,1916,30_1673889061227,17/1/2023,20/1/2023,DULCYPAS GALLETITAS PEPAS PAQX 180G,99,20,1980,OUT OF STOCK,2Q/1/23
ABEL D,TOTAL,1916,30_1673889061227,17/1/2023,20/1/2023,Trym's Nachos Cheddar Sin Tacc X 75 G,165,17,2805,WITHOUT MONEY,2Q/1/23
ABEL D,TOTAL,1916,30_1673889061227,17/1/2023,20/1/2023,Tosti Talitas Pizza X 100 G,137,12,1644,NO REQUEST,2Q/1/23
ABEL D,TOTAL,1936,30_1674145959058,20/1/2023,23/1/2023,Valena Promo Trapo De Piso Gris X 20 U,4790,3,14370,NO REQUEST,2Q/1/23
ABEL D,TOTAL,1936,30_1674145959058,20/1/2023,23/1/2023,Tosti Talitas Pizza X 100 G,137,5,685,NO REQUEST,2Q/1/23
ABEL D,TOTAL,1936,30_1674145959058,20/1/2023,23/1/2023,Mini Pamela Galletas Chips Choco X 180 G,132,1,132,NO REQUEST,2Q/1/23
ABEL D,TOTAL,2116,30_1673975681329,18/1/2023,20/1/2023,DULCYPAS GALLETITAS PEPAS PAQX 180G,99,10,990,WITHOUT MONEY,2Q/1/23
ABEL D,TOTAL,2116,30_1673975681329,18/1/2023,20/1/2023,DULCYPAS GALLETITAS PEPAS PAQX 400G,189,10,1890,WITHOUT MONEY,2Q/1/23
ABEL D,TOTAL,2116,30_1673975681329,18/1/2023,20/1/2023,DULCYPAS GALLETITAS PEPAS PAQX 180G,99,8,792,WITHOUT MONEY,2Q/1/23
ABEL D,TOTAL,2116,30_1673975681329,18/1/2023,20/1/2023,Arbanit Cubanitos Avellanas Displayx 12 Unidades,1120,1,1120,WITHOUT MONEY,2Q/1/23
ABEL D,TOTAL,2116,30_1673975681329,18/1/2023,20/1/2023,Arbanit Cubanitos Dulce De Leche Displayx 12 Unidades,1120,1,1120,WITHOUT MONEY,2Q/1/23
ABEL D,TOTAL,2116,30_1673975681329,18/1/2023,20/1/2023,Doña Pupa Choclo Entero Amarillo Tetrax 340 G,213,5,1065,WITHOUT MONEY,2Q/1/23
ABEL D,TOTAL,2116,30_1673975681329,18/1/2023,20/1/2023,Doña Pupa Lenteja Tetra Recax 340 G,160,5,800,WITHOUT MONEY,2Q/1/23
ABEL D,PARTIAL,1239,30_1674829343826,28/1/2023,30/1/2023,Mini Pamela Galletas Chips Choco X 180 G,132,2,264,NO REQUEST,2Q/1/23
ABEL D,TOTAL,1975,30_1674826943027,28/1/2023,30/1/2023,Pepsi Black Packx6 Latax 354 Cc,720,2,1440,CLOSED,2Q/1/23
ABEL D,TOTAL,1975,30_1674826943027,28/1/2023,30/1/2023,Tosti Tostadas Gruesas Clasica X 200 G,179,3,537,CLOSED,2Q/1/23
ABEL D,TOTAL,1975,30_1674826943027,28/1/2023,30/1/2023,QUILMES CERVEZA CLASICA LATA 473 ML PACK X6,1158,5,5790,CLOSED,2Q/1/23
ABEL D,TOTAL,1975,30_1674826943027,28/1/2023,30/1/2023,DULCYPAS GALLETITAS PEPAS PAQX 400G,189,6,1134,CLOSED,2Q/1/23
ABEL D,PARTIAL,1414,30_1674683539994,25/1/2023,27/1/2023,Trym's Nachos Cheddar Sin Tacc X 75 G,165,5,825,OUT OF STOCK,2Q/1/23
ABEL D,PARTIAL,2103,30_1674665435187,25/1/2023,27/1/2023,Que Lo Paleo Barra Proteica Castañas X 12 U,1990,1,1990,WITHOUT MONEY,2Q/1/23
ABEL D,PARTIAL,1431,30_1674563858489,25/1/2023,27/1/2023,Trym's Nachos Cheddar Sin Tacc X 75 G,165,4,660,NO REQUEST,2Q/1/23
ABEL D,PARTIAL,239,30_1674830829936,28/1/2023,30/1/2023,Tosti Talitas Pizza X 100 G,137,1,137,CLOSED,2Q/1/23
ABEL D,PARTIAL,2126,30_1674831354461,28/1/2023,30/1/2023,Mini Pamela Galletas Chips Choco X 180 G,132,2,264,CLOSED,2Q/1/23
ABEL D,PARTIAL,2021,30_1673714985419,16/1/2023,18/1/2023,Arbanit Cubanitos Avellanas Displayx 12 Unidades,1120,2,2240,WITHOUT MONEY,2Q/1/23
ABEL D,PARTIAL,2158,30_1673276067675,11/1/2023,13/1/2023,Arbanit Cubanitos Dulce De Leche Displayx 12 Unidades,1120,10,11200,WITHOUT MONEY,2Q/1/23
ABEL D,PARTIAL,1632,30_1674855383481,28/1/2023,30/1/2023,Que Lo Paleo Barra Proteica Castañas X 12 U,1990,1,1990,WITHOUT MONEY,2Q/1/23
ABEL D,PARTIAL,1632,30_1674855383481,28/1/2023,30/1/2023,Arbanit Cubanitos Avellanas Displayx 12 Unidades,1120,1,1120,WITHOUT MONEY,2Q/1/23
ABEL D,PARTIAL,1632,30_1674855383481,28/1/2023,30/1/2023,Arbanit Cubanitos Dulce De Leche Displayx 12 Unidades,1120,1,1120,WITHOUT MONEY,2Q/1/23
ABEL D,PARTIAL,1632,30_1674855383481,28/1/2023,30/1/2023,Arbanit Cubanitos Mani Displayx 12 Unidades,1120,1,1120,WITHOUT MONEY,2Q/1/23
ABEL D,PARTIAL,1632,30_1674854783293,28/1/2023,30/1/2023,Suiza Cera Bril Incoloro X 900 Cc,470,12,5640,WITHOUT MONEY,2Q/1/23
ABEL D,PARTIAL,1762,30_1674823734656,27/1/2023,29/1/2023,Que Lo Paleo Barra Proteica Choco Negro X 12 U,1400,1,1400,Sales representative's mistake in loading the order,2Q/1/23
ABEL D,PARTIAL,1187,30_1674832961449,27/1/2023,29/1/2023,Que Lo Paleo Barra Proteica Choco Negro X 12 U,1400,1,1400,WITHOUT MONEY,2Q/1/23
ABEL D,PARTIAL,1113,30_1674748582851,27/1/2023,29/1/2023,Trym's Batatas Clasicas Sin Tacc X 65 G,165,5,825,WITHOUT MONEY,2Q/1/23
ABEL D,PARTIAL,2130,30_1674572245952,25/1/2023,27/1/2023,Suiza Limpiador Lavanda De Los Alpes X 900 Ml,"127,3",3,"381,9",OUT OF STOCK,2Q/1/23
ABEL D,PARTIAL,2011,30_1674831897370,28/1/2023,30/1/2023,Suiza Limpiador Lavanda De Los Alpes X 900 Ml,"127,3",5,"636,5",OUT OF STOCK,2Q/1/23
ABEL D,PARTIAL,964,30_1674488283234,24/1/2023,26/1/2023,Que Lo Paleo Barra Proteica Choco Blanco X 12 U,1400,1,1400,WITHOUT MONEY,2Q/1/23
ABEL D,PARTIAL,964,30_1674488283234,24/1/2023,26/1/2023,Trym's Nachos Cheddar Sin Tacc X 75 G,165,2,330,WITHOUT MONEY,2Q/1/23
ABEL D,PARTIAL,964,30_1674488283234,24/1/2023,26/1/2023,Trym's Papas Fritas Acanaladas Kettle Jalapeño Ahu Sin Tacc X 60 G,159,2,318,WITHOUT MONEY,2Q/1/23
ABEL D,PARTIAL,1398,30_1674588899399,25/1/2023,27/1/2023,Suiza Limpiador Lavanda De Los Alpes X 900 Ml,"127,3",15,"1909,5",OUT OF STOCK,2Q/1/23
ABEL D,PARTIAL,1398,30_1674588899399,25/1/2023,27/1/2023,Suiza Limpiador Original X 900 Ml,"127,3",15,"1909,5",OUT OF STOCK,2Q/1/23
ABEL D,PARTIAL,1398,30_1674588899399,25/1/2023,27/1/2023,Suiza Limpiador Pinos Patagonicos X 900 Ml,"127,3",15,"1909,5",OUT OF STOCK,2Q/1/23
ABEL D,PARTIAL,1632,30_1674593784884,25/1/2023,27/1/2023,Que Lo Paleo Barra Proteica Castañas X 12 U,525,1,525,WITHOUT MONEY,2Q/1/23
ABEL D,PARTIAL,1996,30_1674757465560,26/1/2023,28/1/2023,Que Lo Paleo Barra Proteica Castañas X 12 U,1990,2,3980,OUT OF STOCK,2Q/1/23
ABEL D,TOTAL,2158,30_1675779742404,8/2/2023,10/2/2023,Maxisec Papel Higienico 60 Metros X 6 U,575,1,575,CLOSED,1Q/2/23
ABEL D,TOTAL,2158,30_1675779742404,8/2/2023,10/2/2023,DEC MIX FRUTOS SECOS ENERGIA X 250G,299,7,2093,CLOSED,1Q/2/23
ABEL D,TOTAL,2158,30_1675779742404,8/2/2023,10/2/2023,Dec Mix Frutos Secos Salado X 250 G,250,3,750,CLOSED,1Q/2/23
ABEL D,TOTAL,2158,30_1675779742404,8/2/2023,10/2/2023,Mini Pamela Galletas Coco X 180 G,136,12,1632,CLOSED,1Q/2/23
ABEL D,TOTAL,2158,30_1675779742404,8/2/2023,10/2/2023,Que Lo Paleo Barra Proteica Castañas X 12 U,1990,1,1990,CLOSED,1Q/2/23
ABEL D,TOTAL,795,30_1676049635845,11/2/2023,13/2/2023,Halconero Vinagre De Alcohol X 930 Cc,116,11,1276,NO REQUEST,1Q/2/23
ABEL D,TOTAL,795,30_1676049635845,11/2/2023,13/2/2023,La Española Polenta Instantanea X 500 G,65,15,975,CLOSED,2Q/1/23
ABEL D,TOTAL,795,30_1676049635845,11/2/2023,13/2/2023,La Española Arroz L F X 500 G,83,20,1660,CLOSED,2Q/1/23
ABEL D,TOTAL,2241,30_1676119071676,11/2/2023,13/2/2023,La Española Avena Arrollada X 400 G,160,2,320,WITHOUT MONEY,1Q/2/23
ABEL D,TOTAL,2241,30_1676119071676,11/2/2023,13/2/2023,Doña Pupa Pure De Tomate X 520 G,1000,2,2000,WITHOUT MONEY,1Q/2/23
ABEL D,TOTAL,1712,30_1675269270414,1/2/2023,3/2/2023,Dec Mix Frutos Secos Salado X 250 G,250,3,750,CLOSED,1Q/2/23
ABEL D,TOTAL,1712,30_1675269270414,1/2/2023,3/2/2023,Mini Pamela Galletas Coco X 180 G,136,5,680,CLOSED,1Q/2/23
ABEL D,TOTAL,1712,30_1675269270414,1/2/2023,3/2/2023,La Española Avena Arrollada X 400 G,160,10,1600,CLOSED,1Q/2/23
ABEL D,TOTAL,2128,30_1674922740970,30/1/2023,1/2/2023,Mini Pamela Galletas Coco X 180 G,136,5,680,WITHOUT MONEY,1Q/2/23
ABEL D,TOTAL,2128,30_1674922740970,30/1/2023,1/2/2023,La Española Polenta Instantanea X 500 G,65,3,195,WITHOUT MONEY,1Q/2/23
ABEL D,TOTAL,2114,30_1676131593544,13/2/2023,15/2/2023,Trym's Papas Fritas Acanaladas Kettle Barbacoa Tex Sin Tacc X 60 G,165,20,3300,NO REQUEST,1Q/2/23
ABEL D,TOTAL,1632,30_1676293579002,13/2/2023,15/2/2023,FUN CHUPETIN CRAZY POP FRUTILLA TIRA X 20 U,1640,1,1640,CLOSED,1Q/2/23
ABEL D,TOTAL,1632,30_1676293579002,13/2/2023,15/2/2023,Doña Pupa Choclo Entero Amarillo Tetrax 340 G,213,10,2130,CLOSED,1Q/2/23
ABEL D,TOTAL,1632,30_1676293579002,13/2/2023,15/2/2023,Doña Pupa Lenteja Tetra Recax 340 G,160,5,800,CLOSED,1Q/2/23
ABEL D,PARTIAL,1187,30_1675432138125,3/2/2023,5/2/2023,Que Lo Paleo Barra Proteica Castañas X 12 U,1990,1,1990,WITHOUT REASON,1Q/2/23
ABEL D,PARTIAL,1154,30_1675962442898,10/2/2023,12/2/2023,Halconero Vinagre De Alcohol X 930 Cc,116,12,1392,WITHOUT REASON,1Q/2/23
ABEL D,PARTIAL,2003,30_1675527621642,6/2/2023,8/2/2023,La Española Polenta Instantanea X 500 G,65,1,65,WITHOUT REASON,1Q/2/23
ABEL D,PARTIAL,2003,30_1675527621642,6/2/2023,8/2/2023,La Española Arroz L F X 500 G,83,13,1079,WITHOUT REASON,1Q/2/23
ABEL D,PARTIAL,2098,30_1675191991570,1/2/2023,3/2/2023,La Española Poroto Alubia X 500 G,182,10,1820,WITHOUT REASON,1Q/2/23
ABEL D,PARTIAL,1408,30_1675783466210,8/2/2023,10/2/2023,Dec Mix Frutos Secos Salado X 250 G,250,2,500,WITHOUT REASON,1Q/2/23
ABEL D,PARTIAL,1408,30_1675783466210,8/2/2023,10/2/2023,Mini Pamela Galletas Coco X 180 G,136,10,1360,WITHOUT REASON,1Q/2/23
ABEL D,PARTIAL,1781,30_1675867064930,9/2/2023,11/2/2023,Trym's Papas Fritas Acanaladas Kettle Barbacoa Tex Sin Tacc X 60 G,165,3,495,WITHOUT REASON,1Q/2/23
ABEL D,PARTIAL,1781,30_1675867064930,9/2/2023,11/2/2023,Trym's Papas Fritas Clasicas Sin Tacc X 60 G,165,3,495,CLOSED,1Q/2/23
ABEL D,PARTIAL,2011,30_1676043757402,11/2/2023,13/2/2023,Valena Promo Trapo De Piso Gris X 20 U,1645,2,3290,CLOSED,1Q/2/23
ABEL D,PARTIAL,2017,30_1676047997670,11/2/2023,13/2/2023,Vino Malbec Novecento Raices X 750ml,585,6,3510,WITHOUT REASON,1Q/2/23
ABEL D,PARTIAL,1172,30_1675861918308,8/2/2023,10/2/2023,La Española Avena Arrollada X 400 G,160,1,160,WITHOUT REASON,1Q/2/23
ABEL D,PARTIAL,1172,30_1675861918308,8/2/2023,10/2/2023,Doña Pupa Pure De Tomate X 520 G,1000,1,1000,WITHOUT REASON,1Q/2/23
ABEL D,PARTIAL,1172,30_1675861918308,8/2/2023,10/2/2023,Doña Pupa Choclo Entero Amarillo Tetrax 340 G,213,6,1278,WITHOUT REASON,1Q/2/23
ABEL D,PARTIAL,1172,30_1675861918308,8/2/2023,10/2/2023,La Española Lentejas X 400 G,160,6,960,WITHOUT REASON,1Q/2/23
ABEL D,PARTIAL,1393,30_1675770170976,8/2/2023,10/2/2023,Trym's Papas Fritas Clasicas Sin Tacc X 60 G,165,6,990,CLOSED,1Q/2/23
ABEL D,PARTIAL,1393,30_1675770170976,8/2/2023,10/2/2023,Trym's Papas Fritas Acanaladas Kettle Barbacoa Tex Sin Tacc X 60 G,165,10,1650,CLOSED,1Q/2/23
ABEL D,PARTIAL,2117,30_1675778847258,8/2/2023,10/2/2023,Doña Pupa Choclo Entero Amarillo Tetrax 340 G,213,19,4047,CLOSED,1Q/2/23
ABEL D,PARTIAL,1384,30_1675866787531,8/2/2023,10/2/2023,Doña Pupa Lenteja Tetra Recax 340 G,160,7,1120,CLOSED,1Q/2/23
ABEL D,PARTIAL,1187,30_1676004121129,10/2/2023,12/2/2023,Que Lo Paleo Barra Proteica Castañas X 12 U,1990,1,1990,CLOSED,1Q/2/23
ABEL D,PARTIAL,1636,30_1675823632974,8/2/2023,10/2/2023,Don Fito Bulto 10 Arroz Paqx 500 G,18600,1,18600,CLOSED,1Q/2/23
ABEL D,PARTIAL,1951,30_1675438233760,4/2/2023,6/2/2023,Trym's Papas Fritas Acanaladas Kettle Barbacoa Tex Sin Tacc X 60 G,165,3,495,CLOSED,1Q/2/23
ABEL D,PARTIAL,1951,30_1675438233760,4/2/2023,6/2/2023,Trym's Papas Fritas Acanaladas Kettle Chori Con Chimi Sin Tacc X 60 G,159,3,477,CLOSED,1Q/2/23
ABEL D,PARTIAL,1996,30_1675268210097,2/2/2023,4/2/2023,Que Lo Paleo Barra Proteica Castañas X 12 U,1990,1,1990,WITHOUT MONEY,1Q/2/23
ABEL D,PARTIAL,2050,30_1675337534978,2/2/2023,4/2/2023,Pepsi Black Packx6 Latax 354 Cc,720,4,2880,WITHOUT MONEY,1Q/2/23
ABEL D,PARTIAL,1956,30_1675519389191,4/2/2023,6/2/2023,Tosti Tostadas Gruesas Clasica X 200 G,179,3,537,WITHOUT MONEY,1Q/2/23
ABEL D,PARTIAL,2339,30_1676375955792,14/2/2023,16/2/2023,FUN CHUPETIN CRAZY POP FRUTILLA TIRA X 20 U,1640,1,1640,OUT OF STOCK,2Q/2/23
ABEL D,PARTIAL,2150,30_1676468643961,16/2/2023,18/2/2023,Lulemuu Tostadas De Arroz Clasica X 120 G,110,1,110,OUT OF STOCK,2Q/2/23
ABEL D,PARTIAL,2136,30_1676388479503,15/2/2023,17/2/2023,Soda Marinaro Sifon Desc. X 2litros X 4u,585,2,1170,NO REQUEST,2Q/2/23
ABEL D,PARTIAL,1797,30_1676298986469,14/2/2023,16/2/2023,Doña Pupa Choclo Cremoso Amarillo X 340 G,112,3,336,NO REQUEST,2Q/2/23
ABEL D,PARTIAL,2336,30_1676375798251,14/2/2023,16/2/2023,FUN CHUPETIN CRAZY POP FRUTILLA TIRA X 20 U,1640,1,1640,OUT OF STOCK,2Q/2/23
ABEL D,PARTIAL,1450,30_1676560606714,17/2/2023,19/2/2023,Que Lo Paleo Barra Proteica Choco Blanco X 12 U,1440,1,1440,CLOSED,2Q/2/23
ABEL D,PARTIAL,2103,30_1676993077517,22/2/2023,24/2/2023,LA MINUCHA FIDEOS SPAGHETTI X 500GR,99,3,297,CLOSED,2Q/2/23
ABEL D,PARTIAL,2117,30_1676988032439,22/2/2023,24/2/2023,LA MINUCHA FIDEOS SPAGHETTI X 500GR,99,12,1188,CLOSED,2Q/2/23
ABEL D,PARTIAL,1597,30_1676995077667,22/2/2023,24/2/2023,Nuestros Sabores Chips De Papa X 80 G,162,1,162,WITHOUT MONEY,2Q/2/23
ABEL D,PARTIAL,1597,30_1676995077667,22/2/2023,24/2/2023,LA MINUCHA FIDEOS SPAGHETTI X 500GR,99,12,1188,WITHOUT MONEY,2Q/2/23
ABEL D,PARTIAL,2096,30_1677007738657,22/2/2023,24/2/2023,Taragui Te Tradic. X 25 Saquitos,96,2,192,NO REQUEST,2Q/2/23
ABEL D,PARTIAL,1952,30_1676644267319,23/2/2023,25/2/2023,Lulemuu Tostadas De Arroz Clasica X 120 G,110,1,110,CLOSED,2Q/2/23
ABEL D,PARTIAL,503,30_1677071395321,23/2/2023,25/2/2023,Lulemuu Alfajor De Arroz Blanco X 12,890,1,890,CLOSED,2Q/2/23
ABEL D,PARTIAL,1422,30_1677077423921,23/2/2023,25/2/2023,DULCYPAS MADALENA VAINILLA PAQX250G,197,6,1182,CLOSED,2Q/2/23
ABEL D,PARTIAL,1968,30_1677079094886,23/2/2023,25/2/2023,Que Lo Paleo Barra Proteica Castañas X 12 U,2450,1,2450,CLOSED,2Q/2/23
ABEL D,PARTIAL,1632,30_1675254669337,1/2/2023,3/2/2023,Pepsi Packx6 Latax 354 Cc,720,1,720,CLOSED,2Q/2/23
ABEL D,PARTIAL,2396,30_1677090743330,22/2/2023,24/2/2023,Franks Galletas Con Chips Sin Tacc X 120 G,224,2,448,CLOSED,2Q/2/23
ABEL D,PARTIAL,1995,30_1677515285360,28/2/2023,2/3/2023,QUILMES CERVEZA CLASICA LATA 473 ML PACK X6,1158,2,2316,WITHOUT MONEY,2Q/2/23
ABEL D,PARTIAL,2076,30_1677497333893,27/2/2023,1/3/2023,DULCYPAS GALLETITAS PEPAS PAQX 180G,99,5,495,WITHOUT MONEY,2Q/2/23
ABEL D,PARTIAL,2076,30_1677497333893,27/2/2023,1/3/2023,DULCYPAS GALLETITAS PEPAS PAQX 400G,189,5,945,WITHOUT MONEY,2Q/2/23
ABEL D,PARTIAL,2410,30_1677498002809,27/2/2023,1/3/2023,DULCYPAS GALLETITAS PEPAS PAQX 180G,99,6,594,WITHOUT MONEY,2Q/2/23
ABEL D,PARTIAL,1996,30_1677078450843,23/2/2023,24/2/2023,Que Lo Paleo Barra Proteica Choco Negro X 12 U,1440,1,1440,WITHOUT MONEY,2Q/2/23
ABEL D,PARTIAL,2046,30_1675689248995,7/2/2023,8/2/2023,Suiza Limpiador Flores De Primavera X 5 L,550,1,550,WITHOUT MONEY,2Q/2/23
ABEL D,PARTIAL,1269,30_1677252545505,25/2/2023,26/2/2023,SPORTADE BLUE PACKX6 BOT 750ML,1014,1,1014,OUT OF STOCK,2Q/2/23
ABEL D,PARTIAL,2044,30_1677341127849,27/2/2023,28/2/2023,SPORTADE BLUE PACKX6 BOT 750ML,1014,3,3042,OUT OF STOCK,2Q/2/23
ABEL D,TOTAL,2470,30_1678109104367,6/3/2023,7/3/2023,Que Lo Paleo Barra Proteica Castañas X 12 U,2450,2,4900,CLOSED,1Q/3/23
ABEL D,TOTAL,2011,30_1678539660517,11/3/2023,15/3/2023,Franks Galletas Con Chips Sin Tacc X 120 G,224,10,2240,CLOSED,1Q/3/23
ABEL D,TOTAL,1960,30_1678551180793,13/3/2023,17/3/2023,Que Lo Paleo Barra Proteica Castañas X 12 U,2450,1,2450,NO REQUEST,1Q/3/23
ABEL D,TOTAL,1960,30_1678551180793,13/3/2023,17/3/2023,SPORTADE BLUE PACKX6 BOT 750ML,1014,3,3042,NO REQUEST,1Q/3/23
ABEL D,TOTAL,1960,30_1678551180793,13/3/2023,17/3/2023,DULCYPAS GALLETITAS PEPAS PAQX 180G,99,4,396,NO REQUEST,1Q/3/23
ABEL D,TOTAL,1960,30_1678551180793,13/3/2023,17/3/2023,DULCYPAS GALLETITAS PEPAS PAQX 400G,189,4,756,NO REQUEST,1Q/3/23
ABEL D,TOTAL,1960,30_1678551180793,13/3/2023,17/3/2023,DULCYPAS GALLETITAS PEPAS PAQX 180G,99,4,396,NO REQUEST,1Q/3/23
ABEL D,TOTAL,1796,30_1678713486771,14/3/2023,18/3/2023,Mini Pamela Galletas Chocolate X 180 G,136,1,136,CLOSED,1Q/3/23
ABEL D,TOTAL,1796,30_1678713486771,14/3/2023,18/3/2023,Que Lo Paleo Barra Proteica Choco Blanco X 12 U,1800,2,3600,CLOSED,1Q/3/23
ABEL D,TOTAL,1796,30_1678713486771,14/3/2023,18/3/2023,Taragui Te Trad X 50 Saquitos,183,20,3660,CLOSED,1Q/3/23
ABEL D,TOTAL,1796,30_1678713486771,14/3/2023,18/3/2023,DULCYPAS GALLETITAS PEPAS PAQX 400G,189,5,945,CLOSED,1Q/3/23
ABEL D,TOTAL,1712,30_1678288674311,9/3/2023,13/3/2023,Trym's Nachos Cheddar Sin Tacc X 75 G,182,2,364,CLOSED,1Q/3/23
ABEL D,TOTAL,2121,30_1678220467929,8/3/2023,12/3/2023,TRYMS NACHOS JALAPEÑO Y LIMA SIN TAC 75G,182,2,364,CLOSED,1Q/3/23
ABEL D,TOTAL,2121,30_1678220467929,8/3/2023,12/3/2023,Arbanit Cubanitos Avellanas Displayx 12 Unidades,1270,1,1270,CLOSED,1Q/3/23
ABEL D,TOTAL,2121,30_1678220467929,8/3/2023,12/3/2023,DULCYPAS GALLETITAS PEPAS PAQX 180G,99,5,495,CLOSED,1Q/3/23
ABEL D,PARTIAL,1946,30_1678932746077,16/3/2023,20/3/2023,Lulemuu Tostadas De Arroz Multi Semilla X 110 G,110,3,330,CLOSED,2Q/3/23
ABEL D,PARTIAL,1292,30_1678971320123,16/3/2023,20/3/2023,FUN CHUPETIN CRAZY POP NARANJA TIRA X20,1640,1,1640,CLOSED,2Q/3/23
ABEL D,PARTIAL,891,30_1678980036095,16/3/2023,20/3/2023,TRYMS NACHOS JALAPEÑO Y LIMA SIN TAC 75G,182,2,364,CLOSED,2Q/3/23
ABEL D,PARTIAL,2226,30_1679062979880,17/3/2023,21/3/2023,Suiza Cera En Pasta Roble Claro X 450 Cc,900,2,1800,CLOSED,2Q/3/23
ABEL D,PARTIAL,2402,30_1679061565684,17/3/2023,21/3/2023,Que Lo Paleo Barra Proteica Choco Blanco X 12 U,1560,1,1560,CLOSED,2Q/3/23
ABEL D,PARTIAL,1450,30_1678980842049,17/3/2023,21/3/2023,Que Lo Paleo Barra Proteica Castañas X 12 U,2450,1,2450,CLOSED,2Q/3/23
ABEL D,PARTIAL,1450,30_1678980842049,17/3/2023,21/3/2023,Que Lo Paleo Barra Proteica Choco Blanco X 12 U,1440,1,1440,CLOSED,2Q/3/23
ABEL D,PARTIAL,1450,30_1678980842049,17/3/2023,21/3/2023,Que Lo Paleo Barra Proteica Choco Negro X 12 U,1440,2,2880,CLOSED,2Q/3/23
ABEL D,PARTIAL,1113,30_1678976554876,17/3/2023,21/3/2023,Dec Pasta De Mani X 470 G,630,10,6300,WITHOUT MONEY,2Q/3/23
ABEL D,PARTIAL,2459,30_1679068026080,18/3/2023,22/3/2023,Mini Pamela Galletas Chocolate X 180 G,136,2,272,WITHOUT MONEY,2Q/3/23
ABEL D,PARTIAL,1951,30_1679147817145,18/3/2023,22/3/2023,Mini Pamela Galletas Chocolate X 180 G,136,4,544,WITHOUT MONEY,2Q/3/23
ABEL D,PARTIAL,1008,30_1679494009743,22/3/2023,26/3/2023,Que Lo Paleo Barra Proteica Choco Blanco X 12 U,1800,2,3600,WITHOUT MONEY,2Q/3/23
ABEL D,PARTIAL,1780,30_1679489011562,22/3/2023,26/3/2023,Taragui Te Trad X 50 Saquitos,183,16,2928,WITHOUT MONEY,2Q/3/23
ABEL D,PARTIAL,1780,30_1679489011562,22/3/2023,26/3/2023,La Española Maiz Pisingallo X 500 G,150,20,3000,WITHOUT MONEY,2Q/3/23
ABEL D,PARTIAL,1781,30_1679492489994,22/3/2023,26/3/2023,LA MINUCHA LECHE CHOCOLATADA X 1L,273,8,2184,WITHOUT MONEY,2Q/3/23
ABEL D,PARTIAL,2059,30_1679158740389,20/3/2023,24/3/2023,SPORTADE BEBIDA ISOT BLUE PACK X6 BOT 750,1014,1,1014,WITHOUT MONEY,2Q/3/23
ABEL D,PARTIAL,2191,30_1679313746384,20/3/2023,24/3/2023,Trym's Nachos Cheddar Sin Tacc X 75 G,182,5,910,WITHOUT MONEY,2Q/3/23
ABEL D,PARTIAL,1292,30_1679576031148,24/3/2023,28/3/2023,TRYMS NACHOS JALAPEÑO Y LIMA SIN TAC 75G,182,5,910,WITHOUT MONEY,2Q/3/23
ABEL D,PARTIAL,1154,30_1679584832579,23/3/2023,27/3/2023,Arbanit Cubanitos Avellanas Displayx 12 Unidades,1270,1,1270,WITHOUT MONEY,2Q/3/23
ABEL D,PARTIAL,1113,30_1679596012579,24/3/2023,28/3/2023,PASO DE LOS TOROS POMELO BOTX 6 500 CC,912,3,2736,WITHOUT MONEY,2Q/3/23
ABEL D,PARTIAL,1128,30_1679496730736,23/3/2023,27/3/2023,PASO DE LOS TOROS POMELO BOTX 6 500 CC,912,2,1824,WITHOUT MONEY,2Q/3/23
ABEL D,PARTIAL,2036,30_1679511207337,24/3/2024,28/3/2024,Suiza Cera En Pasta Roble Claro X 450 Cc,2518,1,2518,WITHOUT MONEY,2Q/3/23
ABEL D,PARTIAL,1632,30_1679673648864,25/3/2023,29/3/2023,PARCIALES,2063,1,2063,WITHOUT MONEY,2Q/3/23
ABEL D,PARTIAL,2011,30_1679676191442,25/3/2023,29/3/2023,Que Lo Paleo Barra Proteica Choco Negro X 12 U,1800,1,1800,WITHOUT MONEY,2Q/3/23
ABEL D,PARTIAL,1975,30_1679666986053,25/3/2023,29/3/2023,Trym's Papas Fritas Acanaladas Kettle Barbacoa Tex Sin Tacc X 60 G,182,3,546,WITHOUT MONEY,2Q/3/23
ABEL D,PARTIAL,2340,30_1679932287216,28/3/2023,1/4/2023,LA MINUCHA FIDEOS CODITOX 500GR,130,1,130,WITHOUT MONEY,2Q/3/23
ABEL D,TOTAL,2241,30_1680966914837,8/4/2023,12/4/2023,PASO DE LOS TOROS POMELO BOTX 6 500 CC,912,5,4560,WITHOUT MONEY,1Q/4/23
ABEL D,TOTAL,2241,30_1680966914837,8/4/2023,12/4/2023,SPORTADE BEBIDA ISOT BLUE PACK X6 BOT 750,1014,5,5070,WITHOUT MONEY,1Q/4/23
ABEL D,TOTAL,239,30_1680880293337,8/4/2023,12/4/2023,Que Lo Paleo Barra Proteica Choco Blanco X 12 U,1800,3,5400,WITHOUT MONEY,1Q/4/23
ABEL D,TOTAL,2345,30_1681227349308,12/4/2023,16/4/2023,Pepsi Packx6 Latax 354 Cc,940,6,5640,WITHOUT MONEY,1Q/4/23
ABEL D,TOTAL,2345,30_1681227349308,12/4/2023,16/4/2023,La Española Maiz Pisado Blanco X 400 G,174,20,3480,WITHOUT MONEY,1Q/4/23
ABEL D,TOTAL,2345,30_1681227349308,12/4/2023,16/4/2023,Mirinda Packx6 Manzana Botellax 500 Cc,1003,3,3009,WITHOUT MONEY,1Q/4/23
ABEL D,TOTAL,2227,30_1680799192257,6/4/2023,10/4/2023,Palau Agua Mineral Bidon 2 Ux 6 Lts,712,5,3560,WITHOUT MONEY,1Q/4/23
ABEL D,TOTAL,2227,30_1680799192257,6/4/2023,10/4/2023,PASO DE LOS TOROS POMELO BOTX 6 500 CC,912,6,5472,WITHOUT MONEY,1Q/4/23
ABEL D,TOTAL,2227,30_1680799192257,6/4/2023,10/4/2023,Maxisec Rollo Cocina 200 Paños X 8 U,2315,2,4630,WITHOUT MONEY,1Q/4/23
ABEL D,TOTAL,2227,30_1680799192257,6/4/2023,10/4/2023,Maxisec Rollo Cocina 200 Paños X 8 U,2315,2,4630,WITHOUT MONEY,1Q/4/23
ABEL D,TOTAL,656,30_1680535984566,4/4/2023,8/4/2023,Arrotuc Galleta De Arroz Integral Sin Sal X 12 U,120,20,2400,WITHOUT MONEY,1Q/4/23
ABEL D,TOTAL,239,30_1679672554594,25/3/2023,29/3/2023,Trym's Papas Fritas Pimiento Morron Sin Tacc X 60 G,189,10,1890,WITHOUT MONEY,1Q/4/23
ABEL D,TOTAL,239,30_1679672554594,25/3/2023,29/3/2023,Trym's Papas Fritas Pimiento Morron Sin Tacc X 60 G,189,10,1890,WITHOUT MONEY,1Q/4/23
ABEL D,TOTAL,239,30_1679672554594,25/3/2023,29/3/2023,Arrotuc Galleta De Arroz Integral Sin Sal X 12 U,120,10,1200,WITHOUT MONEY,1Q/4/23
ABEL D,TOTAL,1389,30_1680619724049,6/4/2023,10/4/2023,LA ESPAÑOLA BURGOL X 500G,180,10,1800,WITHOUT MONEY,1Q/4/23
ABEL D,TOTAL,1389,30_1680619724049,6/4/2023,10/4/2023,La Española Maiz Pisado Blanco X 400 G,174,20,3480,WITHOUT MONEY,1Q/4/23
ABEL D,TOTAL,1389,30_1680619724049,6/4/2023,10/4/2023,LA MINUCHA FIDEOS CODITOX 500GR,130,20,2600,WITHOUT MONEY,1Q/4/23
ABEL D,TOTAL,741,30_1681520732742,17/4/2023,21/4/2023,Trym's Papas Fritas Pimiento Morron Sin Tacc X 60 G,189,10,1890,WITHOUT MONEY,1Q/4/23
ABEL D,TOTAL,741,30_1681520732742,17/4/2023,21/4/2023,Maxisec Rollo Cocina 200 Paños X 8 U,2315,5,11575,WITHOUT MONEY,1Q/4/23
ABEL D,PARTIAL,2021,30_1680363455169,3/4/2023,7/4/2023,Maxisec Rollo Cocina 200 Paños X 8 U,2315,1,2315,WITHOUT MONEY,1Q/4/23
ABEL D,PARTIAL,2040,30_1680274712061,1/4/2023,5/4/2023,Maxisec Rollo Cocina 200 Paños X 8 U,2315,1,2315,WITHOUT MONEY,1Q/4/23
ABEL D,PARTIAL,933,30_1680799889458,6/4/2023,10/4/2023,Que Lo Paleo Barra Proteica Choco Blanco X 12 U,1800,1,1800,WITHOUT MONEY,1Q/4/23
ABEL D,PARTIAL,2363,30_1680795144158,6/4/2023,10/4/2023,Que Lo Paleo Barra Proteica Choco Blanco X 12 U,1800,1,1800,WITHOUT MONEY,1Q/4/23
ABEL D,PARTIAL,2393,30_1680704204156,5/4/2023,9/4/2023,Suiza Cera Bril Incoloro X 900 Cc,470,1,470,WITHOUT MONEY,1Q/4/23
ABEL D,PARTIAL,2393,30_1680704204156,5/4/2023,9/4/2023,Que Lo Paleo Barra Proteica Choco Blanco X 12 U,1800,1,1800,WITHOUT MONEY,1Q/4/23
ABEL D,PARTIAL,2082,30_1680614320761,5/4/2023,9/4/2023,Arrotuc Galleta De Arroz Integral Sin Sal X 12 U,120,3,360,WITHOUT MONEY,1Q/4/23
ABEL D,PARTIAL,1152,30_1680795417516,8/4/2023,12/4/2023,Que Lo Paleo Barra Proteica Choco Negro X 12 U,1800,1,1800,WITHOUT MONEY,1Q/4/23
ABEL D,PARTIAL,1632,30_|680968170177,10/4/2023,14/4/2023,Que Lo Paleo Barra Proteica Castañas X 12 U,2860,1,2860,WITHOUT MONEY,1Q/4/23
ABEL D,PARTIAL,1701,30_1681385568516,13/4/2023,17/4/2023,Que Lo Paleo Barra Proteica Castañas X 12 U,2860,1,2860,WITHOUT MONEY,1Q/4/23
ABEL D,PARTIAL,1632,30_1681310262764,13/4/2023,17/4/2023,Que Lo Paleo Barra Proteica Choco Negro X 12 U,1800,2,3600,WITHOUT MONEY,1Q/4/23
ABEL D,PARTIAL,1733,30_1681308629228,13/4/2023,17/4/2023,LA ESPAÑOLA BURGOL X 500G,180,1,180,WITHOUT MONEY,1Q/4/23
ABEL D,PARTIAL,1808,30_1681315830354,13/4/2023,17/4/2023,Que Lo Paleo Barra Proteica Choco Negro X 12 U,1800,1,1800,WITHOUT MONEY,1Q/4/23
ABEL D,PARTIAL,1128,30_1681394884514,14/4/2023,18/4/2023,Trym's Papas Fritas Pimiento Morron Sin Tacc X 60 G,189,3,567,WITHOUT MONEY,1Q/4/23
ABEL D,PARTIAL,1632,30_1681472804171,14/3/2023,18/3/2023,Trym's Papas Fritas Pimiento Morron Sin Tacc X 60 G,189,6,1134,WITHOUT MONEY,1Q/4/23
ABEL D,PARTIAL,1952,30_1681520655603,15/4/2023,19/4/2023,Que Lo Paleo Barra Proteica Choco Negro X 12 U,1800,2,3600,WITHOUT MONEY,1Q/4/23
ABEL D,PARTIAL,830,30_1681489514241,15/4/2023,19/4/2023,La Española Lentejas X 400 G,371,3,1113,WITHOUT MONEY,1Q/4/23
ABEL D,PARTIAL,2020,30_1680362976796,3/4/2023,7/4/2023,OFF EN AEROSOL REPELENTE X 165 CM3,585,3,1755,WITHOUT MONEY,1Q/4/23
ABEL D,PARTIAL,1951,30_1682777292945,29/4/2023,3/5/2023,Tosti Tostadas Gruesas Clasica X 200 G,250,4,1000,WITHOUT MONEY,2Q/4/23
ABEL D,PARTIAL,2459,30_1682772608055,29/4/2023,3/5/2023,La Española Maiz Pisingallo X 500 G,174,10,1740,WITHOUT MONEY,2Q/4/23
ABEL D,PARTIAL,737,30_1682778121525,29/4/2023,3/5/2023,Pepsi Packx6 Latax 354 Cc,940,4,3760,WITHOUT MONEY,2Q/4/23
ABEL D,PARTIAL,2059,30_1682787472633,29/4/2023,3/5/2023,La Española Maiz Pisado Blanco X 400 G,174,1,174,WITHOUT MONEY,2Q/4/23
ABEL D,PARTIAL,1632,30_1682691067523,28/4/2023,2/5/2023,Mirinda Packx6 Manzana Botellax 500 Cc,1003,1,1003,WITHOUT MONEY,2Q/4/23
ABEL D,PARTIAL,1114,30_1682697742338,28/4/2023,2/5/2023,Que Lo Paleo Barra Proteica Choco Negro X 12 U,1800,2,3600,WITHOUT MONEY,2Q/4/23
ABEL D,PARTIAL,718,30_1682531517373,27/4/2023,1/5/2023,La Aldea Alfajor Choco Blanco Displayx 12 U,2145,1,2145,WITHOUT MONEY,2Q/4/23
ABEL D,PARTIAL,1008,30_1682617823025,27/4/2023,1/5/2023,Bay Biscuit Bizcochos Sabor Original X 142 G,177,20,3540,WITHOUT MONEY,2Q/4/23
ABEL D,PARTIAL,1091,30_1682444227769,26/4/2023,30/4/2023,Dec Mix Frutos Secos Saludable X 35 G,156,3,468,WITHOUT MONEY,2Q/4/23
ABEL D,PARTIAL,1265,30_1682444489341,26/4/2023,30/4/2023,Bay Biscuit Bizcochos Sabor Original X 142 G,177,5,885,WITHOUT MONEY,2Q/4/23
ABEL D,PARTIAL,285,30_1682443458625,26/4/2023,30/4/2023,La Minucha Pure De Tomate Tetrapackx 520 Gr,110,12,1320,WITHOUT MONEY,2Q/4/23
ABEL D,PARTIAL,537,30_1682357457514,25/4/2023,29/4/2023,Que Lo Paleo Barra Proteica Choco Blanco X 12 U,1800,1,1800,WITHOUT MONEY,2Q/4/23
ABEL D,PARTIAL,2226,30_1682083909825,21/4/2023,25/4/2023,Yerbacid Yerba Mate Cedron X 500 G,255,3,765,WITHOUT MONEY,2Q/4/23
ABEL D,PARTIAL,2125,30_1681323007716,13/4/2023,17/4/2023,Trym's Papas Fritas Pimiento Morron Sin Tacc X 60 G,189,1,189,WITHOUT MONEY,2Q/4/23
ABEL D,PARTIAL,2125,30_1681323007716,13/4/2023,17/4/2023,Trym's Papas Fritas Sal Marina Y Pimienta Sin Tacc X 60 G,189,5,945,OUT OF STOCK,2Q/4/23
ABEL D,PARTIAL,2191,30_1681831527337,19/4/2023,23/4/2023,Yerbacid Yerba Mate Cedron X 500 G,255,1,255,CLOSED,2Q/4/23
ABEL D,PARTIAL,2191,30_1681831527337,19/4/2023,23/4/2023,Yerbacid Yerba Mate Peperina X 500 G,255,3,765,CLOSED,2Q/4/23
ABEL D,PARTIAL,2191,30_1681831527337,19/4/2023,23/4/2023,La Española Avena Instantanea X 300 G,199,4,796,CLOSED,2Q/4/23
ABEL D,PARTIAL,1781,30_1681910071208,19/4/2023,23/4/2023,Que Lo Paleo Barra Proteica Choco Blanco X 12 U,1800,2,3600,WITHOUT MONEY,2Q/4/23
ABEL D,PARTIAL,1781,30_1681910071208,19/4/2023,23/4/2023,Que Lo Paleo Barra Proteica Choco Negro X 12 U,1800,2,3600,WITHOUT MONEY,2Q/4/23
ABEL D,PARTIAL,1781,30_1681910071208,19/4/2023,23/4/2023,Trym's Papas Fritas Clasicas Sin Tacc X 60 G,189,3,567,NO REQUEST,2Q/4/23
ABEL D,PARTIAL,2393,30_1681824922190,19/4/2023,23/4/2023,La Española Avena Instantanea X 300 G,199,1,199,NO REQUEST,2Q/4/23
ABEL D,PARTIAL,503,30_1681824589977,19/4/2023,23/4/2023,La Española Avena Instantanea X 300 G,199,5,995,OUT OF STOCK,2Q/4/23
ABEL D,PARTIAL,1632,30_1681830558102,19/4/2023,23/4/2023,La Española Avena Instantanea X 300 G,199,6,1194,WITHOUT MONEY,2Q/4/23
ABEL D,PARTIAL,1632,30_1682000182664,20/4/2023,24/4/2023,Palau Agua Mineral Bidon 2 Ux 6 Lts,712,5,3560,WITHOUT MONEY,2Q/4/23
ABEL D,PARTIAL,1632,30_1681999231012,20/4/2023,24/4/2023,Green Olive Aceite De Oliva Extra Intenso Petx 1 L,681,3,2043,WITHOUT MONEY,2Q/4/23
ABEL D,PARTIAL,1632,30_1681999231012,20/4/2023,24/4/2023,La Española Garbanzo X 400 G,265,10,2650,WITHOUT MONEY,2Q/4/23
ABEL D,PARTIAL,537,30_1681740739129,18/4/2023,22/4/2023,Yerbacid Yerba Mate Peperina X 500 G,255,2,510,WITHOUT MONEY,2Q/4/23
ABEL D,PARTIAL,2630,30_1681771638833,18/4/2023,22/4/2023,Sportade Bebida Isotonica Frutas Packx6 U Botx 750 Ml,1250,1,1250,WITHOUT MONEY,2Q/4/23
ABEL D,PARTIAL,709,30_1681739597288,18/4/2023,22/4/2023,Arbanit Cubanitos Avellanas Displayx 12 Unidades,1270,2,2540,WITHOUT MONEY,2Q/4/23
ABEL D,PARTIAL,2022,30_1681576161143,17/4/2023,21/4/2023,Que Lo Paleo Barra Proteica Choco Negro X 12 U,1800,1,1800,WITHOUT MONEY,2Q/4/23
ABEL D,PARTIAL,2476,30_1681574221185,17/4/2023,21/4/2023,Que Lo Paleo Barra Proteica Choco Blanco X 12 U,1800,1,1800,WITHOUT MONEY,2Q/4/23
ABEL D,TOTAL,2050,30_1681913779173,20/4/2023,24/4/2023,Trym's Batatas Clasicas Sin Tacc X 65 G,205,10,2050,WITHOUT MONEY,2Q/4/23
ABEL D,TOTAL,2050,30_1681913779173,20/4/2023,24/4/2023,Yerbacid Yerba Mate Peperina X 500 G,255,10,2550,WITHOUT MONEY,2Q/4/23
ABEL D,TOTAL,2050,30_1681913779173,20/4/2023,24/4/2023,La Española Lentejas X 400 G,171,10,1710,WITHOUT MONEY,2Q/4/23
ABEL D,TOTAL,2545,30_1681572632223,17/4/2023,21/4/2023,Que Lo Paleo Barra Proteica Choco Negro X 12 U,1800,2,3600,WITHOUT MONEY,2Q/4/23
ABEL D,TOTAL,2545,30_1681572632223,17/4/2023,21/4/2023,Que Lo Paleo Barra Proteica Choco Blanco X 12 U,1800,2,3600,WITHOUT MONEY,2Q/4/23
ABEL D,TOTAL,1762,30_1682692043285,28/4/2023,2/5/2023,Green Olive Aceite De Oliva Extra Intenso Petx 1 L,681,3,2043,WITHOUT MONEY,2Q/4/23
ABEL D,PARTIAL,1977,30_1683300739036,6/5/2023,10/5/2023,Trym's Batatas Clasicas Sin Tacc X 65 G,205,1,205,Damaged/broken product,1Q/5/23
ABEL D,PARTIAL,1952,30_1682767726160,29/4/2023,3/5/2023,Que Lo Paleo Barra Proteica Choco Negro X 12 U,1800,1,1800,CLOSED,1Q/5/23
ABEL D,PARTIAL,1789,30_1682775387285,29/4/2023,3/5/2023,Que Lo Paleo Barra Proteica Choco Blanco X 12 U,1800,1,1800,CLOSED,1Q/5/23
ABEL D,PARTIAL,1632,30_1683296400747,5/5/2023,9/5/2023,Que Lo Paleo Barra Proteica Castañas X 12 U,2860,1,2860,CLOSED,1Q/5/23
ABEL D,PARTIAL,2317,30_1683295570141,5/5/2023,9/5/2023,La Española Lentejas X 400 G,171,1,171,CLOSED,1Q/5/23
ABEL D,PARTIAL,1996,30_1683130484750,4/5/2023,8/5/2023,Que Lo Paleo Barra Proteica Castañas X 12 U,2860,1,2860,CLOSED,1Q/5/23
ABEL D,PARTIAL,1946,30_1683131385653,4/5/2023,8/5/2023,Que Lo Paleo Barra Proteica Castañas X 12 U,2860,1,2860,CLOSED,1Q/5/23
ABEL D,PARTIAL,1969,30_1683215107860,4/5/2023,8/5/2023,Palau Agua Sin Gas 12 Botellax 500 Cc,952,2,1904,CLOSED,1Q/5/23
ABEL D,PARTIAL,1969,30_1683215107860,4/5/2023,8/5/2023,Que Lo Paleo Barra Proteica Castañas X 12 U,2860,1,2860,CLOSED,1Q/5/23
ABEL D,PARTIAL,364,30_1683639796934,10/5/2023,14/5/2023,Dec Mix Frutos Secos Energia X 250 G,400,6,2400,OUT OF STOCK,1Q/5/23
ABEL D,PARTIAL,799,30_1683641031240,10/5/2023,14/5/2023,Lulemuu Bizcochos Dulce X 50 G,82,4,328,WITHOUT MONEY,1Q/5/23
ABEL D,PARTIAL,799,30_1683641031240,10/5/2023,14/5/2023,Bay Biscuit Bizcochos Sabor Original X 35 G,75,5,375,WITHOUT MONEY,1Q/5/23
ABEL D,PARTIAL,799,30_1683641031240,10/5/2023,14/5/2023,Dec Mix Frutos Secos Energia X 250 G,400,3,1200,WITHOUT MONEY,1Q/5/23
ABEL D,PARTIAL,2349,30_1683650576072,10/5/2023,14/5/2023,Manto Blanco Sal Fina Packx20x 500 G,1144,1,1144,WITHOUT MONEY,1Q/5/23
ABEL D,PARTIAL,2357,30_1683733798976,11/5/2023,15/5/2023,SPORTADE PROMO 3ERA AL 50%,3125,1,3125,WITHOUT MONEY,1Q/5/23
LUIS EDUARDO R,TOTAL,2240,33_1674843896399,28/1/2023,1/2/2023,la española polenta x 500g,73,1,73,WITHOUT MONEY,2Q/1/23
LUIS EDUARDO R,TOTAL,2240,33_1674843896399,28/1/2023,1/2/2023,franks alfajor chocolate sin tacc x 8 u,1205,2,2410,WITHOUT MONEY,2Q/1/23
LUIS EDUARDO R,TOTAL,2240,33_1674843896399,28/1/2023,1/2/2023,Lulemuu Bizcochos Dulce X 50 G,82,15,1230,WITHOUT MONEY,2Q/1/23
LUIS EDUARDO R,TOTAL,2240,33_1674843896399,28/1/2023,1/2/2023,Bay Biscuit Bizcochos Sabor Original X 35 G,75,15,1125,WITHOUT MONEY,2Q/1/23
LUIS EDUARDO R,TOTAL,2240,33_1674843896399,28/1/2023,1/2/2023,Manto Blanco Sal Fina Packx20x 500 G,1144,20,22880,WITHOUT MONEY,2Q/1/23
LUIS EDUARDO R,TOTAL,1632,33_1674947656158,30/1/2023,3/2/2023,Arrotuc Galleta De Arroz Integral Salada X 12 U,86,20,1720,WITHOUT MONEY,2Q/1/23
LUIS EDUARDO R,TOTAL,1632,33_1674947656158,30/1/2023,3/2/2023,Arrotuc Galleta De Arroz Integral Sin Sal X 12 U,86,18,1548,WITHOUT MONEY,2Q/1/23
LUIS EDUARDO R,TOTAL,1632,33_1674947656158,30/1/2023,3/2/2023,Dec Mix Frutos Secos Energia X 250 G,400,10,4000,WITHOUT MONEY,2Q/1/23
LUIS EDUARDO R,PARTIAL,1987,33_1674771498719,27/1/2023,31/1/2023,Arrotuc Galleta De Arroz Integral Dulce X 12 U,86,10,860,WITHOUT MONEY,2Q/1/23
LUIS EDUARDO R,PARTIAL,1987,33_1674771498719,27/1/2023,31/1/2023,Arrotuc Galleta De Arroz Integral Salada X 12 U,86,10,860,WITHOUT MONEY,2Q/1/23
LUIS EDUARDO R,PARTIAL,1987,33_1674771498719,27/1/2023,31/1/2023,Arrotuc Galleta De Arroz Integral Sin Sal X 12 U,86,10,860,WITHOUT MONEY,2Q/1/23
LUIS EDUARDO R,PARTIAL,1987,33_1674771498719,27/1/2023,31/1/2023,Que Lo Paleo Barra Proteica Choco Blanco X 12 U,1400,1,1400,WITHOUT MONEY,2Q/1/23
LUIS EDUARDO R,TOTAL,1300,33_1675949155081,9/2/2023,13/2/2023,Doña Pupa Pure De Tomate X 520 G,1460,13,18980,WITHOUT MONEY,1Q/2/23
LUIS EDUARDO R,TOTAL,1300,33_1675949155081,9/2/2023,13/2/2023,Doña Pupa Salsa Pomarola Tetrax 340 G,122,15,1830,WITHOUT MONEY,2Q/1/23
LUIS EDUARDO R,TOTAL,1300,33_1675949155081,9/2/2023,13/2/2023,Lulemuu Tostadas Arroz Agrupadas X 90 G,85,5,425,WITHOUT MONEY,2Q/1/23
LUIS EDUARDO R,TOTAL,1300,33_1676046995360,10/2/2023,14/2/2023,QUILMES CLASICA,1158,25,28950,WITHOUT MONEY,1Q/2/23
LUIS EDUARDO R,TOTAL,2272,33_1675280110465,2/2/2023,6/2/2023,franks alfajor chocolate sin tacc x 8 u,1205,2,2410,WITHOUT MONEY,1Q/2/23
LUIS EDUARDO R,TOTAL,2272,33_1675280110465,2/2/2023,6/2/2023,Lulemuu Tostadas De Arroz Clasica X 120 G,110,10,1100,WITHOUT MONEY,1Q/2/23
LUIS EDUARDO R,TOTAL,2272,33_1675280110465,2/2/2023,6/2/2023,Lulemuu Chorqui Oblea De Arroz Mani X 20,999,1,999,WITHOUT MONEY,1Q/2/23
LUIS EDUARDO R,TOTAL,861,33_1675546761361,6/2/2023,10/2/2023,Lulemuu Chorqui Oblea De Arroz Mani X 20,999,3,2997,WITHOUT MONEY,1Q/2/23
LUIS EDUARDO R,TOTAL,861,33_1675546761361,6/2/2023,10/2/2023,Que Lo Paleo Barra Proteica Castañas X 12 U,1990,2,3980,WITHOUT MONEY,1Q/2/23
LUIS EDUARDO R,TOTAL,2223,33_1674748486536,26/1/2023,30/1/2023,Mirinda Naranja Packx6 Latax 354 Cc,732,3,2196,WITHOUT MONEY,1Q/2/23
LUIS EDUARDO R,TOTAL,2223,33_1674748486536,26/1/2023,30/1/2023,QUILMES CLASICA,1158,2,2316,WITHOUT MONEY,1Q/2/23
LUIS EDUARDO R,TOTAL,2223,33_1674748486536,26/1/2023,30/1/2023,Mini Pamela Galletas Manteca X 180 G,136,3,408,WITHOUT MONEY,1Q/2/23
LUIS EDUARDO R,TOTAL,2223,33_1674748486536,26/1/2023,30/1/2023,Lulemuu Tostadas Arroz Agrupadas X 90 G,85,5,425,WITHOUT MONEY,1Q/2/23
LUIS EDUARDO R,TOTAL,2223,33_1674748486536,26/1/2023,30/1/2023,Lulemuu Alfajor De Arroz Marroc X 12,890,5,4450,WITHOUT MONEY,1Q/2/23
LUIS EDUARDO R,PARTIAL,1565,33_1675360948075,3/2/2023,7/2/2023,Que Lo Paleo Barra Proteica Castañas X 12 U,1990,1,1990,WITHOUT MONEY,1Q/2/23
LUIS EDUARDO R,PARTIAL,168,33_1675962677356,10/2/2023,14/2/2023,Lulemuu Tostadas Arroz Agrupadas X 90 G,85,7,595,WITHOUT MONEY,1Q/2/23
LUIS EDUARDO R,PARTIAL,856,33_1675958989809,10/2/2023,14/2/2023,Que Lo Paleo Barra Proteica Choco Blanco X 12 U,1400,1,1400,WITHOUT MONEY,1Q/2/23
LUIS EDUARDO R,PARTIAL,54,33_1675807346337,8/2/2023,12/2/2023,La Española Lentejas X 400 G,250,2,500,WITHOUT MONEY,1Q/2/23
LUIS EDUARDO R,PARTIAL,67,33_1676151169392,13/2/2023,17/2/2023,Que Lo Paleo Barra Proteica Choco Blanco X 12 U,1400,1,1400,WITHOUT MONEY,1Q/2/23
LUIS EDUARDO R,PARTIAL,1300,33_1675891114216,8/2/2023,12/2/2023,QUILMES CLASICA,1158,4,4632,WITHOUT MONEY,1Q/2/23
LUIS EDUARDO R,PARTIAL,1632,33_1675459416571,4/2/2023,8/2/2023,Doña Pupa Pure De Tomate X 520 G,1460,1,1460,WITHOUT MONEY,1Q/2/23
LUIS EDUARDO R,PARTIAL,1064,33_1675811563287,8/2/2023,12/2/2023,Doña Pupa Salsa Pomarola Tetrax 340 G,122,5,610,WITHOUT MONEY,1Q/2/23
LUIS EDUARDO R,PARTIAL,1589,33_1675352915677,3/2/2023,7/2/2023,Que Lo Paleo Barra Proteica Castañas X 12 U,1990,1,1990,WITHOUT MONEY,1Q/2/23
LUIS EDUARDO R,PARTIAL,2034,33_1675865027466,9/2/2023,13/2/2023,Lulemuu Alfajor De Arroz Marroc X 12,890,1,890,WITHOUT MONEY,1Q/2/23
LUIS EDUARDO R,PARTIAL,2034,33_1675865027466,9/2/2023,13/2/2023,Lulemuu Chorqui Oblea De Arroz Mani X 20,999,1,999,WITHOUT MONEY,1Q/2/23
LUIS EDUARDO R,PARTIAL,1825,33_1676587262245,17/2/2023,20/2/2023,Suiza Limpiador Limon X 5 L,550,1,550,WITHOUT MONEY,2Q/2/23
LUIS EDUARDO R,PARTIAL,1321,33_1677080922372,23/2/2023,26/2/2023,Mirinda Naranja Packx6 Latax 354 Cc,732,2,1464,WITHOUT MONEY,2Q/2/23
LUIS EDUARDO R,PARTIAL,1901,33_1677008300395,21/2/2023,24/2/2023,Que Lo Paleo Barra Proteica Castañas X 12 U,2450,1,2450,WITHOUT MONEY,2Q/2/23
LUIS EDUARDO R,PARTIAL,1632,33_1676682570781,18/2/2023,21/2/2023,la española polenta x 500g,73,6,438,WITHOUT MONEY,2Q/2/23
LUIS EDUARDO R,PARTIAL,1632,33_1676586862849,17/2/2023,20/2/2023,franks alfajor chocolate sin tacc x 8 u,1205,1,1205,WITHOUT MONEY,2Q/2/23
LUIS EDUARDO R,PARTIAL,2034,33_1676574714844,16/2/2023,19/2/2023,Lulemuu Tostadas De Arroz Clasica X 120 G,110,5,550,WITHOUT MONEY,2Q/2/23
LUIS EDUARDO R,PARTIAL,2411,33_1677356705867,27/2/2023,2/3/2023,La Española Lentejas X 400 G,"362,1",10,3621,WITHOUT MONEY,2Q/2/23
LUIS EDUARDO R,PARTIAL,855,33_1677167691154,24/2/2023,27/2/2023,Mirinda Naranja Packx6 Latax 354 Cc,732,2,1464,WITHOUT MONEY,2Q/2/23
LUIS EDUARDO R,PARTIAL,856,33_1677172220921,24/2/2023,27/2/2023,Que Lo Paleo Barra Proteica Choco Blanco X 12 U,1440,1,1440,WITHOUT MONEY,2Q/2/23
LUIS EDUARDO R,PARTIAL,2273,33_1678910850687,16/3/2023,19/3/2023,Mini Pamela Galletas Manteca X 180 G,136,2,272,WITHOUT MONEY,2Q/3/23
LUIS EDUARDO R,PARTIAL,168,33_1678991256812,17/3/2023,20/3/2023,MIRINDA PACKX6 NARANJA BOTELLA 500CC,905,2,1810,WITHOUT MONEY,2Q/3/23
LUIS EDUARDO R,PARTIAL,1232,33_1678990035258,17/3/2023,20/3/2023,MIRINDA PACKX6 NARANJA BOTELLA 500CC,905,1,905,WITHOUT REASON,2Q/3/23
LUIS EDUARDO R,PARTIAL,662,33_1678975273751,17/3/2023,20/3/2023,MIRINDA PACKX6 NARANJA BOTELLA 500CC,905,3,2715,WITHOUT REASON,2Q/3/23
LUIS EDUARDO R,PARTIAL,662,33_1678975273751,17/3/2023,20/3/2023,SEVEN UP PACKX6 BOTELLA 500CC,905,3,2715,WITHOUT REASON,2Q/3/23
LUIS EDUARDO R,PARTIAL,856,33_1678983858632,17/3/2023,20/3/2023,Que Lo Paleo Barra Proteica Castañas X 12 U,2450,1,2450,WITHOUT REASON,2Q/3/23
LUIS EDUARDO R,PARTIAL,712,33_1679075838394,17/3/2023,20/3/2023,Que Lo Paleo Barra Proteica Choco Blanco X 12 U,1560,1,1560,WITHOUT REASON,2Q/3/23
LUIS EDUARDO R,PARTIAL,712,33_1679075838394,17/3/2023,20/3/2023,Que Lo Paleo Barra Proteica Choco Negro X 12 U,1560,1,1560,WITHOUT REASON,2Q/3/23
LUIS EDUARDO R,PARTIAL,712,33_1679075838394,17/3/2023,20/3/2023,Que Lo Paleo Barra Proteica Castañas X 12 U,2450,1,2450,WITHOUT REASON,2Q/3/23
LUIS EDUARDO R,PARTIAL,2528,33_1678971641300,17/3/2023,20/3/2023,Que Lo Paleo Barra Proteica Choco Negro X 12 U,1440,1,1440,CLOSED,2Q/3/23
LUIS EDUARDO R,PARTIAL,1866,33_1679324823766,21/3/2023,24/3/2023,Dec Mani Con Miel X 350 G,499,8,3992,CLOSED,2Q/3/23
LUIS EDUARDO R,PARTIAL,383,33_1679328370565,21/3/2023,24/3/2023,Hileret Edulcorante Sweet X 50 Sobres,172,4,688,CLOSED,2Q/3/23
LUIS EDUARDO R,PARTIAL,71,33_1679329937590,21/3/2023,24/3/2023,La Española Polenta Instantanea X 500 G,100,2,200,CLOSED,2Q/3/23
LUIS EDUARDO R,PARTIAL,166,33_1679319861795,21/3/2023,24/3/2023,QUE LO PALEO BARRA PROTEICA GRANOLA FRUTOS Y SEMILLAS X12,1800,1,1800,CLOSED,2Q/3/23
LUIS EDUARDO R,PARTIAL,166,33_1679319861795,21/3/2023,24/3/2023,Crowie Cereal Bar Original X 12 U,"730,6",1,"730,6",CLOSED,2Q/3/23
LUIS EDUARDO R,PARTIAL,2219,33_1679514528669,24/3/2023,27/3/2023,Pepsi Packx6 Latax 354 Cc,887,2,1774,CLOSED,2Q/3/23
LUIS EDUARDO R,PARTIAL,1623,33_1679587822386,24/3/2023,27/3/2023,FUN CARAMELOS PUNCHY MONKEY DISPLAY X 8 U,3500,1,3500,CLOSED,2Q/3/23
LUIS EDUARDO R,PARTIAL,2034,33_1679506243544,24/3/2023,27/3/2023,Lulemuu Snack Pizza X 50 G,71,3,213,CLOSED,2Q/3/23
LUIS EDUARDO R,PARTIAL,1232,33_1679594888012,23/3/2023,26/3/2023,PASO DE LOS TOROS POMELO BOTELLAX6 500CC,912,1,912,CLOSED,2Q/3/23
LUIS EDUARDO R,PARTIAL,36,33_1679586641165,24/3/2023,27/3/2023,PASO DE LOS TOROS POMELO BOTELLAX6 500CC,912,4,3648,CLOSED,2Q/3/23
LUIS EDUARDO R,PARTIAL,2540,33_1679585097463,24/3/2023,27/3/2023,Que Lo Paleo Barra Proteica Choco Negro X 12 U,1800,1,1800,CLOSED,2Q/3/23
LUIS EDUARDO R,PARTIAL,1632,33_1679582459348,24/3/2023,27/3/2023,Lulemuu Snack Queso X 50 G,71,2,142,CLOSED,2Q/3/23
LUIS EDUARDO R,PARTIAL,856,33_1679591963254,23/3/2023,26/3/2023,QUE LO PALEO BARRA PROTEICA GRANOLA FRUTOS Y SEMILLAS X12,1800,1,1800,CLOSED,2Q/3/23
LUIS EDUARDO R,PARTIAL,1565,33_1679768806204,25/3/2023,28/3/2023,Lulemuu Snack Pizza X 50 G,71,7,497,CLOSED,2Q/3/23
LUIS EDUARDO R,PARTIAL,930,33_1679421803362,22/3/2023,25/3/2023,Lulemuu Snack Queso X 50 G,71,3,213,CLOSED,2Q/3/23
LUIS EDUARDO R,PARTIAL,54,33_1679414114502,22/3/2023,25/3/2023,Tosti Tostaditas Finitas Light Displayx 140 G,235,18,4230,CLOSED,2Q/3/23
LUIS EDUARDO R,PARTIAL,2436,33_1680539421588,4/4/2023,7/4/2023,Que Lo Paleo Barra Proteica Choco Negro X 12 U,1800,1,1800,CLOSED,1Q/4/23
LUIS EDUARDO R,PARTIAL,1832,33_1680544884046,4/4/2023,7/4/2023,Dec Pasta De Mani X 470 G,630,2,1260,CLOSED,1Q/4/23
LUIS EDUARDO R,PARTIAL,2341,33_1680612126999,4/4/2023,7/4/2023,Pamela Galletas Rellenas Chocolate X 97 G,103,5,515,CLOSED,1Q/4/23
LUIS EDUARDO R,PARTIAL,2284,33_1680282749681,1/4/2023,4/4/2023,SEVEN UP FARDO X6 LATA 354CC,886,2,1772,CLOSED,1Q/4/23
LUIS EDUARDO R,PARTIAL,1632,33_1680634489409,5/4/2023,8/4/2023,Pamela Galletas Rellenas Chocolate X 97 G,103,5,515,CLOSED,1Q/4/23
LUIS EDUARDO R,PARTIAL,1632,33_1680634489409,5/4/2023,8/4/2023,911 Insecticida Mata Moscas Y Mosquitos En Aerosol X 360 Ml,260,6,1560,CLOSED,1Q/4/23
LUIS EDUARDO R,PARTIAL,1290,33_1680645324357,5/4/2023,8/4/2023,Que Lo Paleo Barra Proteica Choco Blanco X 12 U,1800,1,1800,CLOSED,1Q/4/23
LUIS EDUARDO R,PARTIAL,1079,33_1680642644279,5/4/2023,8/4/2023,fun chupetin crazy pop naranja tirax 20 u,1640,1,1640,CLOSED,1Q/4/23
LUIS EDUARDO R,PARTIAL,288,33_1680640183746,5/4/2023,8/4/2023,Que Lo Paleo Barra Proteica Choco Negro X 12 U,1800,1,1800,CLOSED,1Q/4/23
LUIS EDUARDO R,PARTIAL,70,33_1681144341946,11/4/2023,14/4/2023,Que Lo Paleo Barra Proteica Choco Blanco X 12 U,1800,1,1800,CLOSED,1Q/4/23
LUIS EDUARDO R,PARTIAL,70,33_1681144341946,11/4/2023,14/4/2023,Que Lo Paleo Barra Proteica Choco Negro X 12 U,1800,1,1800,CLOSED,1Q/4/23
LUIS EDUARDO R,PARTIAL,1632,33_1680723816830,13/4/2023,16/4/2023,Lulemuu Alfajor De Arroz Choco Negro X 12 U,1053,1,1053,CLOSED,1Q/4/23
LUIS EDUARDO R,PARTIAL,1632,33_1680723816830,13/4/2023,16/4/2023,Lulemuu Alfajor De Arroz Frutilla X 12,1053,1,1053,CLOSED,1Q/4/23
LUIS EDUARDO R,PARTIAL,1632,33_1680723816830,13/4/2023,16/4/2023,Lulemuu Alfajor De Arroz Marroc X 12,1053,1,1053,CLOSED,1Q/4/23
LUIS EDUARDO R,PARTIAL,1632,33_1680723816830,13/4/2023,16/4/2023,Lulemuu Alfajor De Arroz Limon X 12,1053,1,1053,CLOSED,1Q/4/23
LUIS EDUARDO R,PARTIAL,2219,33_1681327545213,13/4/2023,16/4/2023,La Española Arvejas Enteras X 400 G,143,12,1716,CLOSED,1Q/4/23
LUIS EDUARDO R,PARTIAL,370,33_1681575654746,15/4/2023,18/4/2023,La Española Polenta Instantanea X 500 G,112,10,1120,CLOSED,1Q/4/23
LUIS EDUARDO R,PARTIAL,1752,33_1681579074934,15/4/2023,18/4/2023,DULCYPAS MADALENA CON DULCE DE LECHE PAQX 250G,220,2,440,CLOSED,1Q/4/23
LUIS EDUARDO R,PARTIAL,1752,33_1681579074934,15/4/2023,18/4/2023,DULCYPAS MADALENA VAINILLA PAQX250 G,220,2,440,CLOSED,1Q/4/23
LUIS EDUARDO R,PARTIAL,2284,33_1681580821891,15/4/2023,18/4/2023,DULCYPAS MADALENA CON DULCE DE LECHE PAQX 250G,220,2,440,CLOSED,1Q/4/23
LUIS EDUARDO R,PARTIAL,2284,33_1681580821891,15/4/2023,18/4/2023,DULCYPAS MADALENA VAINILLA PAQX250 G,220,2,440,CLOSED,1Q/4/23
LUIS EDUARDO R,TOTAL,1375,33_1681841267867,19/4/2023,22/4/2023,Bay Biscuit Bizcochos Sabor Original X 142 G,177,5,885,CLOSED,2Q/4/23
LUIS EDUARDO R,TOTAL,1375,33_1681841267867,19/4/2023,22/4/2023,Arbanit Cubanitos Mani Displayx 12 Unidades,1540,1,1540,CLOSED,2Q/4/23
LUIS EDUARDO R,TOTAL,1375,33_1681841267867,19/4/2023,22/4/2023,Mirinda Packx6 Manzana Botellax 500 Cc,1003,1,1003,CLOSED,2Q/4/23
LUIS EDUARDO R,TOTAL,1375,33_1681841267867,19/4/2023,22/4/2023,Tosti Snack Queso X 70 G,190,10,1900,CLOSED,2Q/4/23
LUIS EDUARDO R,TOTAL,1375,33_1681841267867,19/4/2023,22/4/2023,La Española Lentejas X 400 G,371,5,1855,CLOSED,2Q/4/23
LUIS EDUARDO R,TOTAL,1375,33_1681841267867,19/4/2023,22/4/2023,Clyde Gin X,1300,5,6500,CLOSED,2Q/4/23
LUIS EDUARDO R,PARTIAL,2341,33_1682129272587,21/4/2023,24/4/2023,La Española Lentejas X 400 G,371,3,1113,CLOSED,2Q/4/23
LUIS EDUARDO R,PARTIAL,370,33_1682689687081,28/4/2023,1/5/2023,Mirinda Packx6 Manzana Botellax 500 Cc,1003,3,3009,OUT OF STOCK,2Q/4/23
LUIS EDUARDO R,PARTIAL,2546,33_1682695617395,28/4/2023,1/5/2023,Clyde Gin X,1300,1,1300,WITHOUT MONEY,2Q/4/23
LUIS EDUARDO R,PARTIAL,1539,33_1682618023382,28/4/2023,1/5/2023,Mirinda Packx6 Manzana Botellax 500 Cc,1003,2,2006,WITHOUT MONEY,2Q/4/23
LUIS EDUARDO R,PARTIAL,855,33_1682612279858,28/4/2023,1/5/2023,Que Lo Paleo Barra Proteica Choco Negro X 12 U,1800,2,3600,WITHOUT MONEY,2Q/4/23
LUIS EDUARDO R,PARTIAL,662,33_1682608888058,28/4/2023,1/5/2023,Dulcypas Galletitas Pepas Paqx 180 G,111,1,111,WITHOUT MONEY,2Q/4/23
LUIS EDUARDO R,PARTIAL,662,33_1682608888058,28/4/2023,1/5/2023,Trym's Papas Fritas Acanaladas Kettle Barbacoa Tex Sin Tacc X 60 G,205,3,615,WITHOUT MONEY,2Q/4/23
LUIS EDUARDO R,PARTIAL,856,33_1682616817616,28/4/2023,1/5/2023,Que Lo Paleo Barra Proteica Choco Negro X 12 U,1800,3,5400,WITHOUT MONEY,2Q/4/23
LUIS EDUARDO R,PARTIAL,1758,33_1682612784316,28/4/2023,1/5/2023,Que Lo Paleo Barra Proteica Choco Negro X 12 U,1800,2,3600,WITHOUT MONEY,2Q/4/23
LUIS EDUARDO R,PARTIAL,1758,33_1682612784316,28/4/2023,1/5/2023,Mirinda Packx6 Manzana Botellax 500 Cc,1003,1,1003,WITHOUT MONEY,2Q/4/23
LUIS EDUARDO R,PARTIAL,1758,33_1682612784316,28/4/2023,1/5/2023,Bay Biscuit Bizcochos Sabor Original X 142 G,177,5,885,WITHOUT MONEY,2Q/4/23
LUIS EDUARDO R,PARTIAL,54,33_1682623883522,28/4/2023,1/5/2023,Arbanit Cubanitos Mani Displayx 12 Unidades,1540,1,1540,WITHOUT MONEY,2Q/4/23
LUIS EDUARDO R,PARTIAL,54,33_1682623883522,28/4/2023,1/5/2023,Tosti Snack Queso X 70 G,190,8,1520,WITHOUT MONEY,2Q/4/23
LUIS EDUARDO R,PARTIAL,54,33_1682623883522,28/4/2023,1/5/2023,Tosti Snack Jamon X 70 G,190,5,950,WITHOUT MONEY,2Q/4/23
LUIS EDUARDO R,PARTIAL,1623,33_1682682662969,28/4/2023,1/5/2023,Chocolatory Tableta Chocolate Amargo 86% Puro Cacao 90g X 6 U,2750,1,2750,WITHOUT MONEY,2Q/4/23
LUIS EDUARDO R,PARTIAL,1589,33_1682614542340,27/4/2023,30/4/2023,Trym's Papas Fritas Acanaladas Kettle Aceto Balsamico Sin Tacc X 60 G,205,3,615,WITHOUT MONEY,2Q/4/23
LUIS EDUARDO R,PARTIAL,2674,33_1682553539247,28/4/2023,1/5/2023,Tosti Snack Queso X 70 G,190,2,380,WITHOUT MONEY,2Q/4/23
LUIS EDUARDO R,PARTIAL,2674,33_1682553539247,25/4/2023,28/4/2023,Tosti Snack Jamon X 70 G,190,2,380,WITHOUT MONEY,2Q/4/23
LUIS EDUARDO R,PARTIAL,70,33_1682354650623,25/4/2023,28/4/2023,Dec Mix Frutos Secos Saludable X 35 G,156,12,1872,WITHOUT MONEY,2Q/4/23
LUIS EDUARDO R,PARTIAL,71,33_1682352405495,25/4/2023,28/4/2023,Que Lo Paleo Barra Proteica Choco Negro X 12 U,1800,1,1800,WITHOUT MONEY,2Q/4/23
LUIS EDUARDO R,PARTIAL,232,33_1682381585171,25/4/2023,28/4/2023,La Española Lentejas X 400 G,371,10,3710,WITHOUT MONEY,2Q/4/23
LUIS EDUARDO R,PARTIAL,2514,33_1682183036444,24/4/2023,27/4/2023,La Minucha Fideos Caracolito X 500gr,143,5,715,WITHOUT MONEY,2Q/4/23
LUIS EDUARDO R,PARTIAL,2514,33_1682183036444,24/4/2023,27/4/2023,Palau Agua Mineral 6 Ux 1.5 Ml,663,1,663,WITHOUT MONEY,2Q/4/23
LUIS EDUARDO R,PARTIAL,2656,33_1682296004787,24/4/2023,27/4/2023,Dulcypas Madalena Con Chips De Chocolate Paqx 250 G,220,10,2200,WITHOUT MONEY,2Q/4/23
LUIS EDUARDO R,PARTIAL,1931,33_1681836324928,19/4/2023,22/4/2023,Trym's Papas Fritas Sal Marina Y Pimienta Sin Tacc X 60 G,189,5,945,WITHOUT MONEY,2Q/4/23
LUIS EDUARDO R,PARTIAL,1931,33_1681836324928,19/4/2023,22/4/2023,La Española Avena Instantanea X 300 G,199,5,995,WITHOUT MONEY,2Q/4/23
LUIS EDUARDO R,PARTIAL,1596,33_1681593578822,17/4/2023,20/4/2023,Limonessi Jugo De Limon Prestigio X 500 Ml,192,2,384,WITHOUT MONEY,2Q/4/23
LUIS EDUARDO R,PARTIAL,712,33_1681830025759,19/4/2023,22/4/2023,Que Lo Paleo Barra Proteica Granola Frutos Y Semillas X 12 U,1800,2,3600,WITHOUT MONEY,2Q/4/23
LUIS EDUARDO R,PARTIAL,2636,33_1681856530136,19/4/2023,22/4/2023,Arrotuc Galleta De Arroz Integral Salada X 12 U,120,12,1440,WITHOUT MONEY,2Q/4/23
LUIS EDUARDO R,PARTIAL,370,33_1681839197999,19/4/2023,22/4/2023,Pepsi Packx6 Latax 354 Cc,887,8,7096,WITHOUT MONEY,2Q/4/23
LUIS EDUARDO R,PARTIAL,2219,33_1682027078956,20/4/2023,23/4/2023,La Minucha Fideos Caracolito X 500gr,143,3,429,Different flavor/presentation,2Q/4/23
LUIS EDUARDO R,PARTIAL,626,33_1681747293481,18/4/2023,21/4/2023,Que Lo Paleo Barra Proteica Castañas X 12 U,2860,1,2860,NO REQUEST,2Q/4/23
LUIS EDUARDO R,PARTIAL,2480,33_1681743578355,18/4/2023,21/4/2023,Que Lo Paleo Barra Proteica Castañas X 12 U,2860,1,2860,OUT OF STOCK,2Q/4/23
LUIS EDUARDO R,PARTIAL,1866,33_1681739281696,18/4/2023,21/4/2023,Arbanit Cubanitos Avellanas Displayx 12 Unidades,1270,2,2540,NO REQUEST,2Q/4/23
LUIS EDUARDO R,PARTIAL,2658,33_1683398358265,8/5/2023,11/5/2023,GRANDOTE ALF NEGRO Y BLANCO,2075,2,4150,CLOSED,1Q/5/23
LUIS EDUARDO R,PARTIAL,930,33_1683063186615,3/5/2023,6/5/2023,Mini Pamela Galletas Limon X 180 G,136,2,272,CLOSED,1Q/5/23
LUIS EDUARDO R,PARTIAL,999,33_1683048311399,3/5/2023,6/5/2023,Suiza Limpiador Citronella X 900 Ml,162,7,1134,CLOSED,1Q/5/23
LUIS EDUARDO R,PARTIAL,37,33_1683045509222,3/5/2023,6/5/2023,Que Lo Paleo Barra Proteica Choco Negro X 12 U,1800,1,1800,CLOSED,1Q/5/23
LUIS EDUARDO R,PARTIAL,688,33_1683044729462,3/5/2023,6/5/2023,Sportade Bebida Isotonica Manzana Packx6 U Botx 750 Ml,1250,1,1250,CLOSED,1Q/5/23
LUIS EDUARDO R,PARTIAL,866,33_1683049412411,3/5/2023,6/5/2023,Suiza Limpiador Citronella X 5 L,640,1,640,CLOSED,1Q/5/23
LUIS EDUARDO R,PARTIAL,1589,33_1683222571697,5/5/2023,8/5/2023,La Española Lentejas X 400 G,371,4,1484,CLOSED,1Q/5/23
LUIS EDUARDO R,PARTIAL,1232,33_1683223413972,5/5/2023,8/5/2023,ALFAJOR GRANDOTE,2075,1,2075,CLOSED,1Q/5/23
LUIS EDUARDO R,PARTIAL,2540,33_1683311202290,5/5/2023,8/5/2023,ALFAJOR GRANDOTE,2075,1,2075,CLOSED,1Q/5/23
LUIS EDUARDO R,PARTIAL,1126,33_1683211647001,5/5/2023,8/5/2023,ALFAJOR GRANDOTE,2075,1,2075,CLOSED,1Q/5/23
LUIS EDUARDO R,PARTIAL,626,33_1683564279177,9/5/2023,12/5/2023,Que Lo Paleo Barra Proteica Castañas X 12 U,2860,1,2860,WITHOUT MONEY,1Q/5/23
LUIS EDUARDO R,PARTIAL,626,33_1683564279177,9/5/2023,12/5/2023,Que Lo Paleo Barra Proteica Choco Blanco X 12 U,1860,1,1860,WITHOUT MONEY,1Q/5/23
LUIS EDUARDO R,PARTIAL,626,33_1683564279177,9/5/2023,12/5/2023,Que Lo Paleo Barra Proteica Choco Blanco X 12 U,1860,1,1860,WITHOUT MONEY,1Q/5/23
LUIS EDUARDO R,PARTIAL,626,33_1683564279177,9/5/2023,12/5/2023,La Española Avena Instantanea X 300 G,199,10,1990,WITHOUT MONEY,1Q/5/23
LUIS EDUARDO R,PARTIAL,2717,33_1683745428728,10/5/2023,13/5/2023,Lulemuu Bizcochos Dulce X 50 G,82,3,246,WITHOUT MONEY,1Q/5/23
LUIS EDUARDO R,PARTIAL,1497,33_1683743622955,11/5/2023,14/5/2023,Mafalda Mini Triangulos De Hojaldre X 180 G,140,5,700,WITHOUT MONEY,1Q/5/23
LUIS EDUARDO R,PARTIAL,1232,33_1683832450853,12-may,15/5/2024,Fun Chupetin Crazy Pop Frutilla Tirax 20 U,2255,1,2255,WITHOUT MONEY,1Q/5/23
LUIS EDUARDO R,PARTIAL,1232,33_1683832450853,12-may,15/5/2024,Fun Chupetin Crazy Pop Uva Tirax 20 U,2255,1,2255,WITHOUT MONEY,1Q/5/23
LUIS EDUARDO R,PARTIAL,54,33_1683834527789,12/5/2023,15/5/2023,Arbanit Cubanitos Mani Displayx 12 Unidades,1540,1,1540,WITHOUT MONEY,1Q/5/23
LUIS EDUARDO R,PARTIAL,54,33_1683834527789,12/5/2023,15/5/2023,Arbanit Cubanitos Avellanas Displayx 12 Unidades,1540,1,1540,WITHOUT MONEY,1Q/5/23
LUIS EDUARDO R,PARTIAL,168,33_1683837871113,12-may,15/5/2024,Lulemuu Bizcochos Dulce X 50 G,82,13,1066,WITHOUT MONEY,1Q/5/23
LUIS EDUARDO R,PARTIAL,442,33_1683995227507,15/5/2023,18/5/2023,La Recova Alfajor Negro Display X 12 X,1645,1,1645,WITHOUT MONEY,1Q/5/23
LUIS EDUARDO R,PARTIAL,2603,33_1684026251450,15/5/2023,18/5/2023,Pepsi Packx6 Botellax 500 Cc,1014,1,1014,WITHOUT MONEY,1Q/5/23
MATIAS EDUARDO V,PARTIAL,1632,40_1680287792000,1/4/2023,4/4/2023,Arrotuc Galleta De Arroz Integral Dulce X 12 U,120,12,1440,WITHOUT MONEY,1Q/4/23
MATIAS EDUARDO V,PARTIAL,1830,40_1680548310000,4/4/2023,7/4/2023,Que Lo Paleo Barra Proteica Choco Blanco X 12 U,1800,1,1800,WITHOUT MONEY,1Q/4/23
MATIAS EDUARDO V,PARTIAL,1720,40_1680546128000,4/4/2023,7/4/2023,Que Lo Paleo Barra Proteica Choco Negro X 12 U,1800,1,1800,WITHOUT MONEY,1Q/4/23
MATIAS EDUARDO V,PARTIAL,1127,40_1680545714000,4/4/2023,7/4/2023,Que Lo Paleo Barra Proteica Choco Negro X 12 U,1800,1,1800,WITHOUT MONEY,1Q/4/23
MATIAS EDUARDO V,PARTIAL,1127,40_1680545714000,4/4/2023,7/4/2023,Lulemuu Tostadas Arroz Agrupadas X 90 G,89,5,445,WITHOUT MONEY,1Q/4/23
MATIAS EDUARDO V,PARTIAL,1632,40_1680903300000,4/4/2023,7/4/2023,Que Lo Paleo Barra Proteica Castañas X 12 U,2860,1,2860,WITHOUT MONEY,1Q/4/23
MATIAS EDUARDO V,PARTIAL,1935,40_1680721697000,5/4/2023,8/4/2023,Suiza Cera En Pasta Natural X 450 Cc,900,1,900,WITHOUT MONEY,1Q/4/23
MATIAS EDUARDO V,PARTIAL,1662,40_1680629831000,5/4/2023,8/4/2023,Que Lo Paleo Barra Proteica Choco Negro X 12 U,1800,1,1800,WITHOUT MONEY,1Q/4/23
MATIAS EDUARDO V,PARTIAL,1632,40_1680630534000,5/4/2023,8/4/2023,La Española Polenta Instantanea X 500 G,100,5,500,WITHOUT MONEY,1Q/4/23
MATIAS EDUARDO V,PARTIAL,1632,40_1680634112000,5/4/2023,8/4/2023,Lulemuu Tostadas Arroz Agrupadas X 90 G,89,6,534,WITHOUT MONEY,1Q/4/23
MATIAS EDUARDO V,PARTIAL,986,40_1681156257000,11/4/2023,14/4/2023,Limonessi Jugo De Limon Prestigio X 500 Ml,192,2,384,CLOSED,1Q/4/23
MATIAS EDUARDO V,PARTIAL,1632,40_1680804008000,6/4/2023,9/4/2023,Trym's Papas Fritas Acanaladas Kettle Chori Con Chimi Sin Tacc X 60 G,189,10,1890,NO REQUEST,1Q/4/23
MATIAS EDUARDO V,PARTIAL,1632,40_1681150784000,11/4/2023,14/4/2023,La Española Arroz L F X 500 G,138,30,4140,OUT OF STOCK,1Q/4/23
MATIAS EDUARDO V,PARTIAL,1066,40_1682616082000,28/4/2023,1/5/2023,La Minucha Arvejas Remojadas Tetrapackx 340 Gr,84,6,504,NO REQUEST,2Q/4/23
MATIAS EDUARDO V,PARTIAL,1065,40_1682598371000,28/4/2023,1/5/2023,Que Lo Paleo Barra Proteica Choco Negro X 24 U,1800,1,1800,Different flavor/presentation,2Q/4/23
MATIAS EDUARDO V,PARTIAL,1161,40_1682616927000,28/4/2023,1/5/2023,Mini Pamela Galletas Limon X 180 G,136,11,1496,CLOSED,2Q/4/23
MATIAS EDUARDO V,PARTIAL,2505,40_1682625720000,28/4/2023,1/5/2023,Bay Biscuit Bizcochos Sabor Original X 142 G,177,20,3540,CLOSED,2Q/4/23
MATIAS EDUARDO V,PARTIAL,1934,40_1682534002000,27/4/2023,30/4/2023,La Española Polenta Instantanea X 500 G,112,1,112,CLOSED,2Q/4/23
MATIAS EDUARDO V,PARTIAL,2639,40_1682444462000,26/4/2023,29/4/2023,Bay Biscuit Bizcochos Sabor Original X 142 G,177,20,3540,CLOSED,2Q/4/23
MATIAS EDUARDO V,PARTIAL,1238,40_1682457951000,26/4/2023,29/4/2023,Que Lo Paleo Barra Proteica Castañas X 12 U,2860,1,2860,CLOSED,2Q/4/23
MATIAS EDUARDO V,PARTIAL,572,40_1682366096000,25/4/2023,28/4/2023,La Minucha Pure De Tomate Tetrapackx 520 Gr,110,21,2310,CLOSED,2Q/4/23
MATIAS EDUARDO V,PARTIAL,2631,40_1682357530000,25/4/2023,28/4/2023,La Española Polenta Instantanea X 500 G,112,20,2240,CLOSED,2Q/4/23
MATIAS EDUARDO V,PARTIAL,2635,40_1681859572000,19/4/2023,22/4/2023,Que Lo Paleo Barra Proteica Granola Frutos Y Semillas X 12 U,1800,4,7200,CLOSED,2Q/4/23
MATIAS EDUARDO V,PARTIAL,1935,40_1681913178000,20/4/2023,23/4/2023,Nuestros Sabores Papas Con Pimienta Negra X 80 G,145,1,145,CLOSED,2Q/4/23
MATIAS EDUARDO V,PARTIAL,1935,40_1681913178000,20/4/2023,23/4/2023,Suiza Cera Bril Incoloro X 900 Cc,470,3,1410,CLOSED,2Q/4/23
MATIAS EDUARDO V,PARTIAL,1224,40_1681736293000,18/4/2023,21/4/2023,Que Lo Paleo Barra Proteica Castañas X 12 U,2860,1,2860,CLOSED,2Q/4/23
MATIAS EDUARDO V,PARTIAL,409,40_1681504892000,18/4/2023,21/4/2023,Yerbacid Yerba Mate Peperina X 500 G,255,8,2040,CLOSED,2Q/4/23
MATIAS EDUARDO V,PARTIAL,1632,40_1681662165000,17/4/2023,20/4/2023,Que Lo Paleo Barra Proteica Choco Negro X 12 U,1800,1,1800,WITHOUT MONEY,2Q/4/23
MATIAS EDUARDO V,TOTAL,2642,40_1682444958000,26/4/2023,29/4/2023,Que Lo Paleo Barra Proteica Choco Blanco X 12 U,2040,2,4080,WITHOUT MONEY,2Q/4/23
MATIAS EDUARDO V,TOTAL,2642,40_1682444958000,26/4/2023,29/4/2023,La Española Maiz Blanco 10x 500 G,174,10,1740,WITHOUT MONEY,2Q/4/23
MATIAS EDUARDO V,TOTAL,2642,40_1682444958000,26/4/2023,29/4/2023,Mini Pamela Galletas Limon X 180 G,136,10,1360,WITHOUT MONEY,2Q/4/23
MATIAS EDUARDO V,TOTAL,2642,40_1682444958000,26/4/2023,29/4/2023,Nueva Chocopamela Galletas X 170 G,136,10,1360,WITHOUT MONEY,2Q/4/23
MATIAS EDUARDO V,TOTAL,2642,40_1682444958000,26/4/2023,29/4/2023,Free Repelente De Insectos En Aerosol X 150 Ml,425,5,2125,WITHOUT MONEY,2Q/4/23
MATIAS EDUARDO V,TOTAL,2642,40_1682444958000,26/4/2023,29/4/2023,Suiza Cera Bril Incoloro X 900 Cc,470,5,2350,WITHOUT MONEY,2Q/4/23
MATIAS EDUARDO V,PARTIAL,1830,40_1684153392000,16/5/2023,19/5/2023,Que Lo Paleo Barra Proteica Choco Blanco X 12 U,2040,1,2040,WITHOUT MONEY,1Q/5/23
MATIAS EDUARDO V,PARTIAL,1720,40_1684158241000,16/5/2023,19/5/2023,La Española Maiz Blanco 10x 500 G,174,1,174,WITHOUT MONEY,1Q/5/23
MATIAS EDUARDO V,PARTIAL,2701,40_1683325020000,6/5/2023,9/5/2023,Mini Pamela Galletas Limon X 180 G,136,8,1088,OUT OF STOCK,1Q/5/23
MATIAS EDUARDO V,PARTIAL,2701,40_1683325020000,6/5/2023,9/5/2023,Nueva Chocopamela Galletas X 170 G,136,8,1088,OUT OF STOCK,1Q/5/23
MATIAS EDUARDO V,PARTIAL,2653,40_1683208332000,5/5/2023,8/5/2023,Free Repelente De Insectos En Aerosol X 150 Ml,425,12,5100,Product was not loaded onto the transport,1Q/5/23
MATIAS EDUARDO V,PARTIAL,1065,40_1683204778000,5/5/2023,8/5/2023,Que Lo Paleo Barra Proteica Choco Negro X 12 U,1860,3,5580,WITHOUT MONEY,1Q/5/23
MATIAS EDUARDO V,PARTIAL,1046,40_1683118954000,4/5/2023,7/5/2023,Lulemuu Alfajor De Arroz Limon X 12,1053,1,1053,CLOSED,1Q/5/23
MATIAS EDUARDO V,PARTIAL,2675,40_1683119551000,4/5/2023,7/5/2023,Halconero Jugo De Limon X 500 Cc,198,1,198,CLOSED,1Q/5/23
MATIAS EDUARDO V,PARTIAL,1088,40_1683720336000,11/5/2023,14/5/2023,Trym's Papas Fritas Acanaladas Kettle Chori Con Chimi Sin Tacc X 60 G,205,2,410,OUT OF STOCK,1Q/5/23
MATIAS EDUARDO V,PARTIAL,2724,40_1683777144000,11/5/2023,14/5/2023,Bay Biscuit Bizcochos Sabor Original X 35 G,75,10,750,OUT OF STOCK,1Q/5/23
MATIAS EDUARDO V,PARTIAL,2661,40_1683983525000,15/5/2023,18/5/2023,Que Lo Paleo Barra Proteica Choco Blanco X 12 U,2040,1,2040,CLOSED,1Q/5/23
MATIAS EDUARDO V,PARTIAL,2623,40_1683981922000,15/5/2023,18/5/2023,Que Lo Paleo Barra Proteica Choco Negro X 12 U,2040,2,4080,OUT OF STOCK,1Q/5/23
MAURICIO CHA,PARTIAL,1632,36_1677018799099,22/2/2023,25/2/2023,Nueva Chocopamela Galletas X 170 G,155,3,465,WITHOUT MONEY,2Q/FEB/23
MAURICIO CHACHAGUA,PARTIAL,1632,36_1677018799099,22/2/2023,25/2/2023,Mafalda Triangulo Bandejax 150 G,154,3,462,WITHOUT MONEY,2Q/FEB/23
MAURICIO CHACHAGUA,PARTIAL,143,36_1677503145712,28/2/2023,3/3/2023,Tosti Tostadas Gruesas Sin Sal X 200 G,179,12,2148,WITHOUT MONEY,2Q/FEB/23
MAURICIO CHACHAGUA,PARTIAL,1632,36_1677194643270,24/2/2023,27/2/2023,Green Olive Aceite De Oliva Extra Intenso Petx 500 Cc,379,4,1516,WITHOUT MONEY,2Q/FEB/23
MAURICIO CHACHAGUA,PARTIAL,1260,36_1677161656259,24/2/2023,27/2/2023,Arbanit Cubanitos Avellanas Displayx 12 Unidades,1120,1,1120,WITHOUT MONEY,2Q/FEB/23
MAURICIO CHACHAGUA,PARTIAL,1260,36_1677161656259,24/2/2023,27/2/2023,DEC MIX FRUTOS SECOS ENERGIA X 250G,299,5,1495,WITHOUT MONEY,2Q/FEB/23
MAURICIO CHACHAGUA,PARTIAL,1260,36_1677161656259,24/2/2023,27/2/2023,Arbanit Cubanitos Mani Displayx 12 Unidades,1120,1,1120,WITHOUT MONEY,2Q/FEB/23
MAURICIO CHACHAGUA,PARTIAL,1632,36_1677193762850,24/2/2023,27/2/2023,Que Lo Paleo Barra Proteica Choco Blanco X 12 U,1440,1,1440,WITHOUT MONEY,2Q/FEB/23
MAURICIO CHACHAGUA,PARTIAL,143,36_1676928620081,21/2/2023,24/2/2023,Dec Mix Frutos Secos Salado X 250 G,250,12,3000,WITHOUT MONEY,2Q/FEB/23
MAURICIO CHACHAGUA,PARTIAL,143,36_1676928620081,21/2/2023,24/2/2023,Dec Mix Frutos Secos Runner X 250 G,790,6,4740,WITHOUT MONEY,2Q/FEB/23
MAURICIO CHACHAGUA,PARTIAL,813,36_1678899583658,16/3/2023,19/3/2023,LULEMUU MINI LIMU LIMON X 6U,920,2,1840,WITHOUT MONEY,2Q/MAR/23
MAURICIO CHACHAGUA,PARTIAL,2474,36_1679063495192,18/3/2023,21/3/2023,Suiza Limpiador Flores De Primavera X 5 L,600,1,600,WITHOUT MONEY,2Q/MAR/23
MAURICIO CHACHAGUA,PARTIAL,2378,36_1679061364916,18/3/2023,21/3/2023,Yerbacid Yerba Mate Hierbas Serranas X 500 G,255,2,510,WITHOUT MONEY,2Q/MAR/23
MAURICIO CHACHAGUA,PARTIAL,10,36_1679312399585,20/3/2023,23/3/2023,Mini Pamela Galletas Coco X 180 G,136,8,1088,WITHOUT MONEY,2Q/MAR/23
MAURICIO CHACHAGUA,PARTIAL,2488,36_1679324185359,21/3/2023,24/3/2023,FUN CHUPETIN CRAZY POP SANDIA TIRA X 20 U,1640,1,1640,WITHOUT MONEY,2Q/MAR/23
MAURICIO CHACHAGUA,PARTIAL,877,36_1679490215563,23/3/2023,26/3/2023,FUN CHUPETIN DOGGY POP DISPLAY X6 U,2846,1,2846,WITHOUT MONEY,2Q/MAR/23
MAURICIO CHACHAGUA,PARTIAL,1632,36_1679671540354,24/3/2023,27/3/2023,Pepsi Black Packx6 Latax 354 Cc,886,2,1772,WITHOUT MONEY,2Q/MAR/23
MAURICIO CHACHAGUA,PARTIAL,422,36_1679579679352,24/3/2023,27/3/2023,LULEMUU DADITOS FRUTILLA X 120 G,162,1,162,WITHOUT MONEY,2Q/MAR/23
MAURICIO CHACHAGUA,PARTIAL,2414,36_1679585456704,24/3/2023,27/3/2023,Que Lo Paleo Barra Proteica Choco Blanco X 12 U,1800,1,1800,WITHOUT MONEY,2Q/MAR/23
MAURICIO CHACHAGUA,PARTIAL,2456,36_1679501303426,24/3/2023,27/3/2023,Lulemuu Snack Pizza X 50 G,71,3,213,WITHOUT MONEY,2Q/MAR/23
MAURICIO CHACHAGUA,PARTIAL,2525,36_1679674333884,25/3/2023,28/3/2023,LA MINUCHA LECHE ENTERA X 1L,"216,25",8,1730,WITHOUT MONEY,2Q/MAR/23
MAURICIO CHACHAGUA,PARTIAL,2387,36_1679929975649,28/3/2023,31/3/2023,Que Lo Paleo Barra Proteica Choco Blanco X 12 U,1800,1,1800,WITHOUT MONEY,2Q/MAR/23
MAURICIO CHACHAGUA,PARTIAL,207,36_1679924097038,28/3/2023,31/3/2023,CANARIAS YERBA 500G,856,4,3424,WITHOUT MONEY,2Q/MAR/23
MAURICIO CHACHAGUA,PARTIAL,764,36_1679933263675,28/3/2023,31/3/2023,PASO DE LOS TOROS POMELO BOTELLA X6 500 CC,912,1,912,CLOSED,2Q/MAR/23
MAURICIO CHACHAGUA,TOTAL,1632,36_1680369291970,3/4/2023,6/4/2023,CANARIAS YERBA 500G,856,15,12840,WITHOUT MONEY,1Q/ABR/23
MAURICIO CHACHAGUA,TOTAL,2524,36_1680879790960,8/4/2023,11/4/2023,FUN CHUPETIN DOGGY POP DISPLAY X6 U,2846,1,2846,OUT OF STOCK,1Q/ABR/23
MAURICIO CHACHAGUA,TOTAL,2524,36_1680879790960,8/4/2023,11/4/2023,Maxisec Papel Higienico 60 Metros X 6 U,575,7,4025,NO REQUEST,1Q/ABR/23
MAURICIO CHACHAGUA,TOTAL,2524,36_1680879790960,8/4/2023,11/4/2023,Arrotuc Galleta De Arroz Integral Dulce X 12 U,120,20,2400,NO REQUEST,1Q/ABR/23
MAURICIO CHACHAGUA,TOTAL,2524,36_1680879790960,8/4/2023,11/4/2023,DEC MIX FRUTOS SECOS ENERGIA X 250G,299,8,2392,CLOSED,1Q/ABR/23
MAURICIO CHACHAGUA,TOTAL,2419,36_1680880849461,8/4/2023,11/4/2023,Arrotuc Galleta De Arroz Integral Dulce X 12 U,120,1,120,CLOSED,1Q/ABR/23
MAURICIO CHACHAGUA,TOTAL,2419,36_1680880849461,8/4/2023,11/4/2023,FUN CHUPETIN DOGGY POP DISPLAY X6 U,2846,2,5692,OUT OF STOCK,1Q/ABR/23
MAURICIO CHACHAGUA,TOTAL,2439,36_1680537378350,4/4/2023,7/4/2023,FUN CHUPETIN DOGGY POP DISPLAY X6 U,2846,1,2846,OUT OF STOCK,1Q/ABR/23
MAURICIO CHACHAGUA,TOTAL,1062,36_1680529385901,4/4/2023,7/4/2023,Maxisec Papel Higienico 60 Metros X 6 U,575,1,575,CLOSED,1Q/ABR/23
MAURICIO CHACHAGUA,TOTAL,1062,36_1680529385901,4/4/2023,7/4/2023,DEC MIX FRUTOS SECOS ENERGIA X 250G,299,3,897,CLOSED,1Q/ABR/23
MAURICIO CHACHAGUA,TOTAL,1062,36_1680529385901,4/4/2023,7/4/2023,Lulemuu Tostadas De Arroz Clasica X 120 G,120,5,600,CLOSED,1Q/ABR/23
MAURICIO CHACHAGUA,TOTAL,1062,36_1680529385901,4/4/2023,7/4/2023,Lulemuu Tostadas De Arroz Multi Semilla X 110 G,120,5,600,CLOSED,1Q/ABR/23
MAURICIO CHACHAGUA,TOTAL,1062,36_1680529385901,4/4/2023,7/4/2023,Dec Mix Frutos Secos Saludable X 35 G,5,10,50,CLOSED,1Q/ABR/23
MAURICIO CHACHAGUA,TOTAL,1062,36_1680529385901,4/4/2023,7/4/2023,Dec Mix Frutos Secos Saludable X 35 G,143,10,1430,CLOSED,1Q/ABR/23
MAURICIO CHACHAGUA,TOTAL,1062,36_1680529385901,4/4/2023,7/4/2023,Franks Bizcochitos Queso Sin Tacc X 100 G,275,10,2750,CLOSED,1Q/ABR/23
MAURICIO CHACHAGUA,TOTAL,1062,36_1680529385901,4/4/2023,7/4/2023,Pamela Galletas Rellenas Vainilla X 97 G,103,5,515,CLOSED,1Q/ABR/23
MAURICIO CHACHAGUA,PARTIAL,1101,36_1680042656699,3/4/2023,6/4/2023,FUN CHUPETIN DOGGY POP DISPLAY X6 U,2846,1,2846,CLOSED,1Q/ABR/23
MAURICIO CHACHAGUA,PARTIAL,1882,36_1680185711586,3/4/2023,6/4/2023,Arrotuc Galleta De Arroz Integral Dulce X 12 U,120,16,1920,CLOSED,1Q/ABR/23
MAURICIO CHACHAGUA,PARTIAL,1632,36_1680369052688,3/4/2023,6/4/2023,Pamela Galletas Rellenas Vainilla X 97 G,103,6,618,CLOSED,1Q/ABR/23
MAURICIO CHACHAGUA,PARTIAL,2387,36_1680534952234,4/4/2023,7/4/2023,Que Lo Paleo Barra Proteica Choco Negro X 12 U,1800,2,3600,CLOSED,1Q/ABR/23
MAURICIO CHACHAGUA,PARTIAL,140,36_1680269970375,1/4/2023,4/4/2023,Que Lo Paleo Barra Proteica Choco Blanco X 12 U,1800,1,1800,CLOSED,1Q/ABR/23
MAURICIO CHACHAGUA,PARTIAL,140,36_1680269970375,1/4/2023,4/4/2023,Que Lo Paleo Barra Proteica Choco Negro X 12 U,1800,1,1800,CLOSED,1Q/ABR/23
MAURICIO CHACHAGUA,PARTIAL,877,36_168070891260,5/4/2023,8/4/2023,FUN CHUPETIN DOGGY POP DISPLAY X6 U,2846,1,2846,CLOSED,1Q/ABR/23
MAURICIO CHACHAGUA,PARTIAL,1420,36_1681046189243,10/4/2023,13/4/2023,Maxisec Papel Higienico 60 Metros X 6 U,575,6,3450,CLOSED,1Q/ABR/23
MAURICIO CHACHAGUA,PARTIAL,302,36_1680968342397,10/4/2023,13/4/2023,DEC MIX FRUTOS SECOS ENERGIA X 250G,299,12,3588,Incorrectly assembled order,1Q/ABR/23
MAURICIO CHACHAGUA,PARTIAL,140,36_1681139277108,11/4/2023,14/4/2023,Que Lo Paleo Barra Proteica Choco Negro X 12 U,1800,1,1800,OUT OF STOCK,1Q/ABR/23
MAURICIO CHACHAGUA,PARTIAL,140,36_1681139277108,11/4/2023,14/4/2023,Que Lo Paleo Barra Proteica Choco Blanco X 12 U,1800,1,1800,NO REQUEST,1Q/ABR/23
MAURICIO CHACHAGUA,PARTIAL,486,36_1681133009274,11/4/2023,14/4/2023,Arrotuc Galleta De Arroz Integral Sin Sal X 12 U,120,1,120,NO REQUEST,1Q/ABR/23
MAURICIO CHACHAGUA,PARTIAL,143,36_1681132473574,11/4/2023,14/4/2023,DEC MIX FRUTOS SECOS ENERGIA X 250G,299,1,299,Damaged package,1Q/ABR/23
MAURICIO CHACHAGUA,PARTIAL,143,36_1681132473574,11/4/2023,14/4/2023,Franks Bizcochitos Queso Sin Tacc X 100 G,275,2,550,WITHOUT MONEY,1Q/ABR/23
MAURICIO CHACHAGUA,PARTIAL,2456,36_1681306090454,13/4/2023,16/4/2023,Mini Pamela Galletas Avena Y Pasas X 180 G,165,4,660,WITHOUT MONEY,1Q/ABR/23
MAURICIO CHACHAGUA,PARTIAL,2456,36_1681306090454,13/4/2023,16/4/2023,DULCYPAS MADALENA VAINILLA PAQX 250G,220,2,440,OUT OF STOCK,1Q/ABR/23
MAURICIO CHACHAGUA,PARTIAL,1632,36_1681395456303,14/4/2023,17/4/2023,Lulemuu Tostadas De Arroz Clasica X 120 G,120,2,240,Incorrectly assembled order,1Q/ABR/23
MAURICIO CHACHAGUA,PARTIAL,1632,36_1681395456303,14/4/2023,17/4/2023,Lulemuu Tostadas De Arroz Multi Semilla X 110 G,120,2,240,Incorrectly assembled order,1Q/ABR/23
MAURICIO CHACHAGUA,PARTIAL,2473,36_1681481962497,15/4/2023,18/4/2023,LULEMUU DADITOS FRUTILLA X 120 G,6,195,1170,Incorrectly assembled order,1Q/ABR/23
MAURICIO CHACHAGUA,PARTIAL,2473,36_1681481962497,15/4/2023,18/4/2023,Dec Mix Frutos Secos Saludable X 35 G,5,143,715,Incorrectly assembled order,1Q/ABR/23
MAURICIO CHACHAGUA,PARTIAL,2474,36_1681483780807,15/4/2023,18/4/2023,Dec Mix Frutos Secos Saludable X 35 G,143,2,286,Incorrectly assembled order,1Q/ABR/23
MAURICIO CHACHAGUA,PARTIAL,2522,36_1680873567762,18/4/2023,21/4/2023,Arrotuc Galleta De Arroz Integral Dulce X 12 U,120,6,720,Incorrectly assembled order,1Q/ABR/23
MAURICIO CHACHAGUA,PARTIAL,2522,36_1680873567762,18/4/2023,21/4/2023,DULCYPAS MADALENA VAINILLA PAQX 250G,220,2,440,OUT OF STOCK,1Q/ABR/23
MAURICIO CHACHAGUA,PARTIAL,2522,36_1680873567762,18/4/2023,21/4/2023,DULCYPAS MADALENA CON DULCE DE LECHE PAQX 250G,220,2,440,NO REQUEST,1Q/ABR/23
MAURICIO CHACHAGUA,TOTAL,1999,36_1681831345852,19/4/2023,22/4/2023,Que Lo Paleo Barra Proteica Choco Negro X 12 U,1800,1,1800,CLOSED,2Q/4/23
MAURICIO CHACHAGUA,TOTAL,1999,36_1681831345852,19/4/2023,22/4/2023,Que Lo Paleo Barra Proteica Choco Blanco X 12 U,1800,1,1800,CLOSED,2Q/4/23
MAURICIO CHACHAGUA,TOTAL,1999,36_1681831345852,19/4/2023,22/4/2023,DULCYPAS MADALENA VAINILLA PAQX 250G,220,10,2200,CLOSED,2Q/4/23
MAURICIO CHACHAGUA,TOTAL,1999,36_1681831345852,19/4/2023,22/4/2023,Lulemuu Tostadas De Arroz Clasica X 120 G,120,13,1560,CLOSED,2Q/4/23
MAURICIO CHACHAGUA,TOTAL,1999,36_1681831345852,19/4/2023,22/4/2023,Dec Mix Frutos Secos Saludable X 35 G,5,15,75,CLOSED,2Q/4/23
MAURICIO CHACHAGUA,TOTAL,1999,36_1681831345852,19/4/2023,22/4/2023,Dec Mix Frutos Secos Saludable X 35 G,143,15,2145,CLOSED,2Q/4/23
MAURICIO CHACHAGUA,PARTIAL,2414,36_1682005269784,21/4/2023,24/4/2023,Bay Biscuit Bizcochos Sabor Original X 35 G,75,3,225,NO REQUEST,2Q/4/23
MAURICIO CHACHAGUA,PARTIAL,2472,36_1682692957570,28/4/2023,1/5/2023,Mirinda Packx6 Manzana Botellax 500 Cc,1003,5,5015,CLOSED,2Q/4/23
MAURICIO CHACHAGUA,PARTIAL,2456,36_1682516820088,27/4/2023,29/4/2023,Dulcypas Madalena Madachoc Con Dulce De Leche Paqx 250 G,252,2,504,CLOSED,2Q/4/23
MAURICIO CHACHAGUA,PARTIAL,2399,36_1682551726296,27/4/2023,29/4/2023,Que Lo Paleo Barra Proteica Choco Blanco X 12 U,1800,2,3600,CLOSED,2Q/4/23
MAURICIO CHACHAGUA,PARTIAL,1062,36_1682344190491,25/4/2023,27/4/2023,La Española Lentejas X 400 G,371,10,3710,HIGH PRICE,2Q/4/23
MAURICIO CHACHAGUA,PARTIAL,143,36_1682342318546,25/4/2023,27/4/2023,Dec Nuez Mariposa X 250 G,877,6,5262,WITHOUT MONEY,2Q/4/23
MAURICIO CHACHAGUA,PARTIAL,143,36_1682342318546,25/4/2023,27/4/2023,Dec Pasta De Mani X 470 G,749,1,749,WITHOUT MONEY,2Q/4/23
MAURICIO CHACHAGUA,PARTIAL,2489,36_1682377824566,25/4/2023,27/4/2023,Que Lo Paleo Barra Proteica Choco Negro X 12 U,1800,1,1800,WITHOUT MONEY,2Q/4/23
MAURICIO CHACHAGUA,PARTIAL,140,36_1682351793052,25/4/2023,27/4/2023,Que Lo Paleo Barra Proteica Choco Negro X 12 U,1800,1,1800,Confusion between packages PEDIDAS,2Q/4/23
MAURICIO CHACHAGUA,PARTIAL,140,36_1682351793052,25/4/2023,27/4/2023,Que Lo Paleo Barra Proteica Choco Blanco X 12 U,1800,1,1800,Confusion between packages PEDIDAS,2Q/4/23
MAURICIO CHACHAGUA,PARTIAL,405,36_1682088694280,22/4/2023,24/4/2023,Dulcypas Bizcochos Dulces Paqx 200 G,113,8,904,WITHOUT MONEY,2Q/4/23
MAURICIO CHACHAGUA,PARTIAL,1632,36_1681832425705,19/4/2023,21/4/2023,Dulcypas Bizcochos Dulces Paqx 200 G,113,5,565,WITHOUT MONEY,2Q/4/23
MAURICIO CHACHAGUA,PARTIAL,2492,36_1681828381756,19/4/2023,21/4/2023,La Española Maiz Pisingallo X 500 G,152,10,1520,WITHOUT MONEY,2Q/4/23
MAURICIO CHACHAGUA,PARTIAL,2452,36_1681921551890,20/4/2023,22/4/2023,Que Lo Paleo Barra Proteica Granola Frutos Y Semillas X 12 U,1800,1,1800,WITHOUT MONEY,2Q/4/23
MAURICIO CHACHAGUA,PARTIAL,143,36_1681737218662,18/4/2023,20/4/2023,Suiza Cera En Pasta Roble Claro X 450 Cc,900,1,900,Damaged/broken product,2Q/4/23
MAURICIO CHACHAGUA,PARTIAL,2385,36_1681745074243,18/4/2023,20/4/2023,La Minucha Fideos Tirabuzon X 500 Gr,130,2,260,NO REQUEST,2Q/4/23
MAURICIO CHACHAGUA,PARTIAL,2582,36_1681575876402,17/4/2023,19/4/2023,Dulcypas Madalena Vainilla Paqx 250 G,220,1,220,Product was not loaded onto the transport,2Q/4/23
MAURICIO CHACHAGUA,PARTIAL,1532,36_1683388546299,8/5/2023,10/5/2023,Fun Chupetin Doggy Pop Displayx 6 U,3920,1,3920,OUT OF STOCK,1Q/5/23
MAURICIO CHACHAGUA,PARTIAL,2415,36_1683240042913,5/5/2023,7/5/2023,La Española Arroz L F X 500 G,175,25,4375,CLOSED,1Q/5/23
MAURICIO CHACHAGUA,PARTIAL,1904,36_1683126034875,4/5/2023,6/5/2023,Nuestros Sabores Chips De Batata Merken X 80 G,145,3,435,CLOSED,1Q/5/23
MAURICIO CHACHAGUA,PARTIAL,1904,36_1683126034875,4/5/2023,6/5/2023,Nuestros Sabores Chips De Papa X 80 G,145,3,435,CLOSED,1Q/5/23
MAURICIO CHACHAGUA,PARTIAL,2399,36_1683127319986,4/5/2023,6/5/2023,Que Lo Paleo Barra Proteica Castañas X 12 U,2860,2,5720,CLOSED,1Q/5/23
MAURICIO CHACHAGUA,PARTIAL,2452,36_1683156205873,4/5/2023,6/5/2023,Nuestros Sabores Chips De Batata Merken X 80 G,145,2,290,CLOSED,1Q/5/23
MAURICIO CHACHAGUA,PARTIAL,2452,36_1683156205873,4/5/2023,6/5/2023,Nuestros Sabores Chips De Papa X 80 G,145,2,290,CLOSED,1Q/5/23
MAURICIO CHACHAGUA,PARTIAL,207,36_1682777439558,2/5/2023,4/5/2023,Palau Agua Sin Gas 12 Botellax 500 Cc,952,2,1904,CLOSED,1Q/5/23
MAURICIO CHACHAGUA,PARTIAL,207,36_1682777439558,2/5/2023,4/5/2023,Arbanit Cubanitos Mani Displayx 12 Unidades,1540,1,1540,CLOSED,1Q/5/23
MAURICIO CHACHAGUA,PARTIAL,2427,36_1683382058552,8/5/2023,10/5/2023,Suiza Limpiador Citronella X 900 Ml,162,2,324,OUT OF STOCK,1Q/5/23
MAURICIO CHACHAGUA,PARTIAL,2427,36_1683382058552,8/5/2023,10/5/2023,GRANDOTE ALFAJOR,2075,1,2075,OUT OF STOCK,1Q/5/23
MAURICIO CHACHAGUA,PARTIAL,2678,36_1683645905450,10/5/2023,12/5/2023,Nueva Chocopamela Galletas X 170 G,130,4,520,OUT OF STOCK,1Q/5/23
MAURICIO CHACHAGUA,PARTIAL,143,36_1683557061434,9/5/2023,11/5/2023,Franks Bizcochitos Queso Sin Tacc X 100 G,325,12,3900,NO REQUEST,1Q/5/23
MAURICIO CHACHAGUA,PARTIAL,2580,36_1683986232951,15/5/2023,17/5/2023,Franks Alfajor Con Mousse De Limon X 8 U,1235,4,4940,NO REQUEST,1Q/5/23
MAURICIO CHACHAGUA,PARTIAL,1632,36_1683994811774,15/5/2023,17/5/2023,Tosti Tostadas Gruesas Multicereal X 200 G,250,5,1250,WITHOUT MONEY,1Q/5/23
MAURICIO CHACHAGUA,PARTIAL,2488,36_1684259390055,16/5/2023,18/5/2023,Fun Chupetin Crazy Pop Frutilla Tirax 20 U,2255,1,2255,WITHOUT MONEY,1Q/5/23
MAURICIO CHACHAGUA,PARTIAL,2582,36_1683996502950,15/5/2023,17/5/2023,La Española Avena Instantanea X 300 G,199,1,199,WITHOUT MONEY,1Q/5/23